Peptide_Order,Peptide,Peptide_Mass,Modifications,Proteins,
,Spectrum_Order,Title,Charge,Precursor_Mass,Evalue,Score,Precursor_Mass_Error(Da),Precursor_Mass_Error(ppm),Alpha_Evalue,Beta_Evalue
1,APLSASMIKR(9),1245.687074,Oxidation[M](7),Cas9(327)/
,1,XLpeplib_Beveridge_QEx-HFX_DSS_R3.12626.12626.2.0.dta,2,1245.686262,1.000000e+000,5.901204e-005,-0.000812,-0.651849,1.000000e+000,1.000000e+000
,2,XLpeplib_Beveridge_QEx-HFX_DSS_R3.14683.14683.2.0.dta,2,1245.686637,1.000000e+000,9.735589e-005,-0.000437,-0.350810,1.000000e+000,1.000000e+000
,3,XLpeplib_Beveridge_QEx-HFX_DSS_R3.13493.13493.2.0.dta,2,1245.686160,1.000000e+000,1.322797e-004,-0.000914,-0.733732,1.000000e+000,1.000000e+000
,4,XLpeplib_Beveridge_QEx-HFX_DSS_R3.15500.15500.2.0.dta,2,1245.688510,1.000000e+000,1.602717e-004,0.001436,1.152777,1.000000e+000,1.000000e+000
,5,XLpeplib_Beveridge_QEx-HFX_DSS_R3.13335.13335.2.0.dta,2,1245.685294,1.000000e+000,1.721246e-004,-0.001780,-1.428930,1.000000e+000,1.000000e+000
,6,XLpeplib_Beveridge_QEx-HFX_DSS_R3.16595.16595.2.0.dta,2,1229.692154,1.000000e+000,1.781814e-004,-0.000006,-0.004879,1.000000e+000,1.000000e+000
,7,XLpeplib_Beveridge_QEx-HFX_DSS_R3.12797.12797.2.0.dta,2,1245.685437,1.000000e+000,1.790100e-004,-0.001637,-1.314134,1.000000e+000,1.000000e+000
,8,XLpeplib_Beveridge_QEx-HFX_DSS_R3.13329.13329.2.0.dta,2,1245.685662,1.000000e+000,2.038708e-004,-0.001412,-1.133511,1.000000e+000,1.000000e+000
,9,XLpeplib_Beveridge_QEx-HFX_DSS_R3.15770.15770.2.0.dta,2,1245.687441,1.000000e+000,3.021484e-004,0.000367,0.294617,1.000000e+000,1.000000e+000
,10,XLpeplib_Beveridge_QEx-HFX_DSS_R3.15908.15908.2.0.dta,2,1245.686908,1.000000e+000,3.856364e-004,-0.000166,-0.133260,1.000000e+000,1.000000e+000
,11,XLpeplib_Beveridge_QEx-HFX_DSS_R3.15542.15542.2.0.dta,2,1245.686542,1.000000e+000,7.252055e-004,-0.000532,-0.427074,1.000000e+000,1.000000e+000
,12,XLpeplib_Beveridge_QEx-HFX_DSS_R3.16856.16856.2.0.dta,2,1229.692487,1.000000e+000,7.356795e-004,0.000327,0.265920,1.000000e+000,1.000000e+000
,13,XLpeplib_Beveridge_QEx-HFX_DSS_R3.15817.15817.2.0.dta,2,1245.687102,1.000000e+000,1.429943e-003,0.000028,0.022478,1.000000e+000,1.000000e+000
,14,XLpeplib_Beveridge_QEx-HFX_DSS_R3.16361.16361.2.0.dta,2,1245.686361,1.000000e+000,2.294347e-003,-0.000713,-0.572375,1.000000e+000,1.000000e+000
,15,XLpeplib_Beveridge_QEx-HFX_DSS_R3.13141.13141.2.0.dta,2,1245.686315,1.000000e+000,2.664077e-003,-0.000759,-0.609302,1.000000e+000,1.000000e+000
,16,XLpeplib_Beveridge_QEx-HFX_DSS_R3.13866.13866.2.0.dta,2,1245.687052,1.000000e+000,3.120832e-003,-0.000022,-0.017661,1.000000e+000,1.000000e+000
,17,XLpeplib_Beveridge_QEx-HFX_DSS_R3.17426.17426.2.1.dta,2,1229.691974,1.000000e+000,7.204635e-003,-0.000186,-0.151257,1.000000e+000,1.000000e+000
,18,XLpeplib_Beveridge_QEx-HFX_DSS_R3.16898.16898.2.1.dta,2,1229.692505,1.000000e+000,7.558090e-003,0.000345,0.280558,1.000000e+000,1.000000e+000
,19,XLpeplib_Beveridge_QEx-HFX_DSS_R3.17257.17257.2.1.dta,2,1229.692313,1.000000e+000,1.366808e-002,0.000153,0.124421,1.000000e+000,1.000000e+000
,20,XLpeplib_Beveridge_QEx-HFX_DSS_R3.16338.16338.3.0.dta,3,1229.691792,1.000000e+000,4.870373e-002,-0.000368,-0.299262,1.000000e+000,1.000000e+000
,21,XLpeplib_Beveridge_QEx-HFX_DSS_R3.16343.16343.3.0.dta,3,1229.691625,1.000000e+000,5.504637e-002,-0.000535,-0.435068,1.000000e+000,1.000000e+000
,22,XLpeplib_Beveridge_QEx-HFX_DSS_R3.14206.14206.2.0.dta,2,1245.687397,1.000000e+000,7.954977e-002,0.000323,0.259295,1.000000e+000,1.000000e+000
,23,XLpeplib_Beveridge_QEx-HFX_DSS_R3.16549.16549.3.0.dta,3,1229.691441,1.000000e+000,1.527659e-001,-0.000719,-0.584699,1.000000e+000,1.000000e+000
,24,XLpeplib_Beveridge_QEx-HFX_DSS_R3.14375.14375.2.1.dta,2,1245.687033,1.000000e+000,2.423350e-001,-0.000041,-0.032914,1.000000e+000,1.000000e+000
,25,XLpeplib_Beveridge_QEx-HFX_DSS_R3.14396.14396.2.0.dta,2,1245.687544,1.000000e+000,2.485949e-001,0.000470,0.377302,1.000000e+000,1.000000e+000
,26,XLpeplib_Beveridge_QEx-HFX_DSS_R3.12802.12802.2.1.dta,2,1245.685320,1.000000e+000,3.636645e-001,-0.001754,-1.408058,1.000000e+000,1.000000e+000
2,DDSIDNKVLTR(7),1431.732497,null,Cas9(859)/
,1,XLpeplib_Beveridge_QEx-HFX_DSS_R3.21241.21241.2.0.dta,2,1431.732386,1.000000e+000,1.690127e-003,-0.000111,-0.077528,1.000000e+000,1.000000e+000
,2,XLpeplib_Beveridge_QEx-HFX_DSS_R3.18257.18257.2.2.dta,2,1431.729185,1.000000e+000,1.236988e-001,-0.003312,-2.313281,1.000000e+000,1.000000e+000
3,DFQFYKVR(6),1258.646595,null,Cas9(978)/
,1,XLpeplib_Beveridge_QEx-HFX_DSS_R3.23366.23366.2.0.dta,2,1258.646637,1.000000e+000,3.251626e-004,0.000042,0.033369,1.000000e+000,1.000000e+000
,2,XLpeplib_Beveridge_QEx-HFX_DSS_R3.23354.23354.2.0.dta,2,1258.646639,1.000000e+000,8.600153e-004,0.000044,0.034958,1.000000e+000,1.000000e+000
,3,XLpeplib_Beveridge_QEx-HFX_DSS_R3.23187.23187.2.0.dta,2,1258.646508,1.000000e+000,1.592669e-003,-0.000087,-0.069122,1.000000e+000,1.000000e+000
4,DLIIKLPK(5),1095.702320,null,Cas9(1201)/
,1,XLpeplib_Beveridge_QEx-HFX_DSS_R3.23910.23910.2.1.dta,2,1095.702798,1.000000e+000,4.469410e-002,0.000478,0.436250,1.000000e+000,1.000000e+000
5,DWDPKK(5),944.472333,null,Cas9(1133)/
,1,XLpeplib_Beveridge_QEx-HFX_DSS_R3.16141.16141.2.0.dta,2,944.472557,1.000000e+000,2.400091e-002,0.000224,0.237169,1.000000e+000,1.000000e+000
,2,XLpeplib_Beveridge_QEx-HFX_DSS_R3.16501.16501.2.0.dta,2,944.472453,1.000000e+000,3.176130e-002,0.000120,0.127055,1.000000e+000,1.000000e+000
,3,XLpeplib_Beveridge_QEx-HFX_DSS_R3.18802.18802.2.0.dta,2,944.472272,1.000000e+000,1.228925e-001,-0.000061,-0.064586,1.000000e+000,1.000000e+000
6,EDYFKK(5),985.487648,null,Cas9(574)/
,1,XLpeplib_Beveridge_QEx-HFX_DSS_R3.13990.13990.2.4.dta,2,985.487920,1.000000e+000,2.321495e-002,0.000272,0.276005,1.000000e+000,1.000000e+000
7,ESILPKR(6),998.588024,null,Cas9(1117)/
,1,XLpeplib_Beveridge_QEx-HFX_DSS_R3.14579.14579.2.0.dta,2,998.588088,1.000000e+000,4.205700e-003,0.000064,0.064090,1.000000e+000,1.000000e+000
,2,XLpeplib_Beveridge_QEx-HFX_DSS_R3.14818.14818.2.0.dta,2,998.588639,1.000000e+000,4.658187e-003,0.000615,0.615870,1.000000e+000,1.000000e+000
,3,XLpeplib_Beveridge_QEx-HFX_DSS_R3.14374.14374.2.0.dta,2,998.588154,1.000000e+000,9.964421e-003,0.000130,0.130184,1.000000e+000,1.000000e+000
,4,XLpeplib_Beveridge_QEx-HFX_DSS_R3.14754.14754.2.0.dta,2,998.588056,1.000000e+000,2.429523e-002,0.000032,0.032045,1.000000e+000,1.000000e+000
,5,XLpeplib_Beveridge_QEx-HFX_DSS_R3.14646.14646.2.0.dta,2,998.588063,1.000000e+000,2.528140e-002,0.000039,0.039055,1.000000e+000,1.000000e+000
,6,XLpeplib_Beveridge_QEx-HFX_DSS_R3.14432.14432.2.0.dta,2,998.588158,1.000000e+000,9.396292e-002,0.000134,0.134189,1.000000e+000,1.000000e+000
,7,XLpeplib_Beveridge_QEx-HFX_DSS_R3.14398.14398.2.0.dta,2,998.588317,1.000000e+000,1.766589e-001,0.000293,0.293414,1.000000e+000,1.000000e+000
8,FDNLTKAER(6),1249.642235,null,Cas9(906)/
,1,XLpeplib_Beveridge_QEx-HFX_DSS_R3.13758.13758.2.0.dta,2,1249.641984,1.000000e+000,8.192186e-004,-0.000251,-0.200857,1.000000e+000,1.000000e+000
,2,XLpeplib_Beveridge_QEx-HFX_DSS_R3.14213.14213.2.0.dta,2,1249.642289,1.000000e+000,1.019055e-003,0.000054,0.043212,1.000000e+000,1.000000e+000
,3,XLpeplib_Beveridge_QEx-HFX_DSS_R3.13679.13679.2.0.dta,2,1249.641771,1.000000e+000,1.384543e-003,-0.000464,-0.371306,1.000000e+000,1.000000e+000
,4,XLpeplib_Beveridge_QEx-HFX_DSS_R3.13834.13834.2.1.dta,2,1249.641851,1.000000e+000,1.400758e-003,-0.000384,-0.307288,1.000000e+000,1.000000e+000
,5,XLpeplib_Beveridge_QEx-HFX_DSS_R3.14135.14135.2.0.dta,2,1249.642503,1.000000e+000,2.296821e-003,0.000268,0.214461,1.000000e+000,1.000000e+000
,6,XLpeplib_Beveridge_QEx-HFX_DSS_R3.13815.13815.2.0.dta,2,1249.642252,1.000000e+000,2.937367e-003,0.000017,0.013604,1.000000e+000,1.000000e+000
,7,XLpeplib_Beveridge_QEx-HFX_DSS_R3.12745.12745.2.1.dta,2,1249.643296,1.000000e+000,2.615341e-001,0.001061,0.849043,1.000000e+000,1.000000e+000
9,FKVLGNTDR(2),1205.652407,null,Cas9(37)/
,1,XLpeplib_Beveridge_QEx-HFX_DSS_R3.16283.16283.2.0.dta,2,1205.652754,1.000000e+000,2.370479e-003,0.000347,0.287811,1.000000e+000,1.000000e+000
,2,XLpeplib_Beveridge_QEx-HFX_DSS_R3.17162.17162.2.1.dta,2,1205.652358,1.000000e+000,2.304823e-001,-0.000049,-0.040642,1.000000e+000,1.000000e+000
10,GGLSELDKAGFIK(8),1490.810017,null,Cas9(917)/
,1,XLpeplib_Beveridge_QEx-HFX_DSS_R3.23110.23110.2.0.dta,2,1490.810228,1.000000e+000,6.638037e-004,0.000211,0.141534,1.000000e+000,1.000000e+000
,2,XLpeplib_Beveridge_QEx-HFX_DSS_R3.23026.23026.3.0.dta,3,1490.809650,1.000000e+000,4.211148e-003,-0.000367,-0.246175,1.000000e+000,1.000000e+000
,3,XLpeplib_Beveridge_QEx-HFX_DSS_R3.26347.26347.2.0.dta,2,1490.809979,1.000000e+000,2.935773e-001,-0.000038,-0.025489,1.000000e+000,1.000000e+000
11,GGLSELDKAGFIKR(8),1646.911119,null,Cas9(917)/
,1,XLpeplib_Beveridge_QEx-HFX_DSS_R3.17671.17671.3.0.dta,3,1646.911373,1.000000e+000,1.269233e-001,0.000254,0.154228,1.000000e+000,1.000000e+000
12,GKSDNVPSEEVVK(2),1543.784922,null,Cas9(870)/
,1,XLpeplib_Beveridge_QEx-HFX_DSS_R3.12503.12503.2.0.dta,2,1543.784835,1.000000e+000,6.805422e-004,-0.000087,-0.056355,1.000000e+000,1.000000e+000
,2,XLpeplib_Beveridge_QEx-HFX_DSS_R3.12309.12309.2.0.dta,2,1543.784322,1.000000e+000,7.667025e-003,-0.000600,-0.388655,1.000000e+000,1.000000e+000
,3,XLpeplib_Beveridge_QEx-HFX_DSS_R3.12945.12945.2.0.dta,2,1543.788516,1.000000e+000,4.925523e-002,0.003594,2.328045,1.000000e+000,1.000000e+000
,4,XLpeplib_Beveridge_QEx-HFX_DSS_R3.17465.17465.2.2.dta,2,1543.781203,1.000000e+000,1.219653e-001,-0.003719,-2.409014,1.000000e+000,1.000000e+000
,5,XLpeplib_Beveridge_QEx-HFX_DSS_R3.12351.12351.3.0.dta,3,1543.786181,1.000000e+000,1.781269e-001,0.001259,0.815528,1.000000e+000,1.000000e+000
,6,XLpeplib_Beveridge_QEx-HFX_DSS_R3.17187.17187.2.2.dta,2,1543.783633,1.000000e+000,2.927033e-001,-0.001289,-0.834961,1.000000e+000,1.000000e+000
13,HKPENIVIEMAR(2),1592.846413,null,Cas9(759)/
,1,XLpeplib_Beveridge_QEx-HFX_DSS_R3.16525.16525.3.0.dta,3,1592.847007,1.000000e+000,1.844851e-003,0.000594,0.372917,1.000000e+000,1.000000e+000
,2,XLpeplib_Beveridge_QEx-HFX_DSS_R3.16319.16319.3.0.dta,3,1592.846545,1.000000e+000,1.987834e-003,0.000132,0.082871,1.000000e+000,1.000000e+000
,3,XLpeplib_Beveridge_QEx-HFX_DSS_R3.16753.16753.3.0.dta,3,1592.847078,1.000000e+000,1.991110e-003,0.000665,0.417492,1.000000e+000,1.000000e+000
,4,XLpeplib_Beveridge_QEx-HFX_DSS_R3.16352.16352.3.0.dta,3,1592.846765,1.000000e+000,2.898093e-003,0.000352,0.220988,1.000000e+000,1.000000e+000
,5,XLpeplib_Beveridge_QEx-HFX_DSS_R3.13857.13857.3.3.dta,3,1608.838813,1.000000e+000,3.071754e-003,-0.002514,-1.562615,1.000000e+000,1.000000e+000
,6,XLpeplib_Beveridge_QEx-HFX_DSS_R3.16298.16298.3.0.dta,3,1592.846608,1.000000e+000,3.293223e-003,0.000195,0.122422,1.000000e+000,1.000000e+000
,7,XLpeplib_Beveridge_QEx-HFX_DSS_R3.16365.16365.3.0.dta,3,1592.846614,1.000000e+000,3.354608e-003,0.000201,0.126189,1.000000e+000,1.000000e+000
,8,XLpeplib_Beveridge_QEx-HFX_DSS_R3.13863.13863.3.2.dta,3,1608.838463,1.000000e+000,3.421394e-003,-0.002864,-1.780163,1.000000e+000,1.000000e+000
,9,XLpeplib_Beveridge_QEx-HFX_DSS_R3.16499.16499.3.0.dta,3,1608.840953,1.000000e+000,3.594892e-003,-0.000374,-0.232465,1.000000e+000,1.000000e+000
,10,XLpeplib_Beveridge_QEx-HFX_DSS_R3.16171.16171.3.0.dta,3,1592.846784,1.000000e+000,3.784009e-003,0.000371,0.232916,1.000000e+000,1.000000e+000
,11,XLpeplib_Beveridge_QEx-HFX_DSS_R3.13893.13893.3.3.dta,3,1608.839439,1.000000e+000,3.989786e-003,-0.001888,-1.173515,1.000000e+000,1.000000e+000
,12,XLpeplib_Beveridge_QEx-HFX_DSS_R3.16324.16324.3.0.dta,3,1592.846615,1.000000e+000,4.113250e-003,0.000202,0.126817,1.000000e+000,1.000000e+000
,13,XLpeplib_Beveridge_QEx-HFX_DSS_R3.12921.12921.3.1.dta,3,1608.838903,1.000000e+000,4.222653e-003,-0.002424,-1.506674,1.000000e+000,1.000000e+000
,14,XLpeplib_Beveridge_QEx-HFX_DSS_R3.13437.13437.3.2.dta,3,1608.839351,1.000000e+000,4.270988e-003,-0.001976,-1.228213,1.000000e+000,1.000000e+000
,15,XLpeplib_Beveridge_QEx-HFX_DSS_R3.16293.16293.3.0.dta,3,1608.840561,1.000000e+000,4.475819e-003,-0.000766,-0.476119,1.000000e+000,1.000000e+000
,16,XLpeplib_Beveridge_QEx-HFX_DSS_R3.11911.11911.3.0.dta,3,1608.839718,1.000000e+000,4.957864e-003,-0.001609,-1.000099,1.000000e+000,1.000000e+000
,17,XLpeplib_Beveridge_QEx-HFX_DSS_R3.15044.15044.3.0.dta,3,1608.841049,1.000000e+000,5.174318e-003,-0.000278,-0.172795,1.000000e+000,1.000000e+000
,18,XLpeplib_Beveridge_QEx-HFX_DSS_R3.14875.14875.3.0.dta,3,1608.841062,1.000000e+000,5.285808e-003,-0.000265,-0.164715,1.000000e+000,1.000000e+000
,19,XLpeplib_Beveridge_QEx-HFX_DSS_R3.14113.14113.3.1.dta,3,1608.838312,1.000000e+000,5.294596e-003,-0.003015,-1.874019,1.000000e+000,1.000000e+000
,20,XLpeplib_Beveridge_QEx-HFX_DSS_R3.14123.14123.3.1.dta,3,1608.838866,1.000000e+000,5.361263e-003,-0.002461,-1.529672,1.000000e+000,1.000000e+000
,21,XLpeplib_Beveridge_QEx-HFX_DSS_R3.16453.16453.3.0.dta,3,1592.846873,1.000000e+000,5.364357e-003,0.000460,0.288791,1.000000e+000,1.000000e+000
,22,XLpeplib_Beveridge_QEx-HFX_DSS_R3.14703.14703.3.0.dta,3,1608.841301,1.000000e+000,5.876384e-003,-0.000026,-0.016161,1.000000e+000,1.000000e+000
,23,XLpeplib_Beveridge_QEx-HFX_DSS_R3.15203.15203.3.0.dta,3,1608.841382,1.000000e+000,6.037137e-003,0.000055,0.034186,1.000000e+000,1.000000e+000
,24,XLpeplib_Beveridge_QEx-HFX_DSS_R3.14820.14820.3.0.dta,3,1608.841243,1.000000e+000,6.421253e-003,-0.000084,-0.052211,1.000000e+000,1.000000e+000
,25,XLpeplib_Beveridge_QEx-HFX_DSS_R3.12060.12060.3.0.dta,3,1608.838774,1.000000e+000,6.493042e-003,-0.002553,-1.586856,1.000000e+000,1.000000e+000
,26,XLpeplib_Beveridge_QEx-HFX_DSS_R3.15756.15756.3.0.dta,3,1608.842172,1.000000e+000,6.623867e-003,0.000845,0.525223,1.000000e+000,1.000000e+000
,27,XLpeplib_Beveridge_QEx-HFX_DSS_R3.16111.16111.3.0.dta,3,1608.841393,1.000000e+000,6.708092e-003,0.000066,0.041023,1.000000e+000,1.000000e+000
,28,XLpeplib_Beveridge_QEx-HFX_DSS_R3.14106.14106.3.1.dta,3,1608.838612,1.000000e+000,6.853695e-003,-0.002715,-1.687550,1.000000e+000,1.000000e+000
,29,XLpeplib_Beveridge_QEx-HFX_DSS_R3.12044.12044.3.1.dta,3,1608.839107,1.000000e+000,7.583937e-003,-0.002220,-1.379875,1.000000e+000,1.000000e+000
,30,XLpeplib_Beveridge_QEx-HFX_DSS_R3.16103.16103.3.0.dta,3,1608.841435,1.000000e+000,7.801865e-003,0.000108,0.067129,1.000000e+000,1.000000e+000
,31,XLpeplib_Beveridge_QEx-HFX_DSS_R3.13012.13012.3.0.dta,3,1608.839413,1.000000e+000,7.831414e-003,-0.001914,-1.189676,1.000000e+000,1.000000e+000
,32,XLpeplib_Beveridge_QEx-HFX_DSS_R3.16786.16786.3.0.dta,3,1592.846763,1.000000e+000,7.833512e-003,0.000350,0.219732,1.000000e+000,1.000000e+000
,33,XLpeplib_Beveridge_QEx-HFX_DSS_R3.13768.13768.3.0.dta,3,1608.839845,1.000000e+000,8.346098e-003,-0.001482,-0.921160,1.000000e+000,1.000000e+000
,34,XLpeplib_Beveridge_QEx-HFX_DSS_R3.13271.13271.3.0.dta,3,1608.839429,1.000000e+000,8.431612e-003,-0.001898,-1.179731,1.000000e+000,1.000000e+000
,35,XLpeplib_Beveridge_QEx-HFX_DSS_R3.14060.14060.3.1.dta,3,1608.840778,1.000000e+000,8.641843e-003,-0.000549,-0.341239,1.000000e+000,1.000000e+000
,36,XLpeplib_Beveridge_QEx-HFX_DSS_R3.12328.12328.3.0.dta,3,1608.838625,1.000000e+000,9.339215e-003,-0.002702,-1.679470,1.000000e+000,1.000000e+000
,37,XLpeplib_Beveridge_QEx-HFX_DSS_R3.16568.16568.3.0.dta,3,1608.840817,1.000000e+000,9.514390e-003,-0.000510,-0.316998,1.000000e+000,1.000000e+000
,38,XLpeplib_Beveridge_QEx-HFX_DSS_R3.12383.12383.3.0.dta,3,1608.840875,1.000000e+000,9.570341e-003,-0.000452,-0.280948,1.000000e+000,1.000000e+000
,39,XLpeplib_Beveridge_QEx-HFX_DSS_R3.15374.15374.3.1.dta,3,1608.841580,1.000000e+000,9.721561e-003,0.000253,0.157256,1.000000e+000,1.000000e+000
,40,XLpeplib_Beveridge_QEx-HFX_DSS_R3.15561.15561.3.0.dta,3,1608.840111,1.000000e+000,9.874168e-003,-0.001216,-0.755823,1.000000e+000,1.000000e+000
,41,XLpeplib_Beveridge_QEx-HFX_DSS_R3.12286.12286.3.0.dta,3,1608.839288,1.000000e+000,1.056978e-002,-0.002039,-1.267372,1.000000e+000,1.000000e+000
,42,XLpeplib_Beveridge_QEx-HFX_DSS_R3.15200.15200.3.0.dta,3,1608.841366,1.000000e+000,1.058203e-002,0.000039,0.024241,1.000000e+000,1.000000e+000
,43,XLpeplib_Beveridge_QEx-HFX_DSS_R3.15973.15973.3.0.dta,3,1608.841646,1.000000e+000,1.079637e-002,0.000319,0.198279,1.000000e+000,1.000000e+000
,44,XLpeplib_Beveridge_QEx-HFX_DSS_R3.17495.17495.3.0.dta,3,1592.845421,1.000000e+000,1.095992e-002,-0.000992,-0.622784,1.000000e+000,1.000000e+000
,45,XLpeplib_Beveridge_QEx-HFX_DSS_R3.12321.12321.3.0.dta,3,1608.838382,1.000000e+000,1.188737e-002,-0.002945,-1.830510,1.000000e+000,1.000000e+000
,46,XLpeplib_Beveridge_QEx-HFX_DSS_R3.13599.13599.3.0.dta,3,1608.840555,1.000000e+000,1.218765e-002,-0.000772,-0.479848,1.000000e+000,1.000000e+000
,47,XLpeplib_Beveridge_QEx-HFX_DSS_R3.13096.13096.3.0.dta,3,1608.838564,1.000000e+000,1.228773e-002,-0.002763,-1.717385,1.000000e+000,1.000000e+000
,48,XLpeplib_Beveridge_QEx-HFX_DSS_R3.12279.12279.3.0.dta,3,1608.839446,1.000000e+000,1.241975e-002,-0.001881,-1.169164,1.000000e+000,1.000000e+000
,49,XLpeplib_Beveridge_QEx-HFX_DSS_R3.16724.16724.3.1.dta,3,1608.841747,1.000000e+000,1.252085e-002,0.000420,0.261057,1.000000e+000,1.000000e+000
,50,XLpeplib_Beveridge_QEx-HFX_DSS_R3.13055.13055.3.0.dta,3,1608.838698,1.000000e+000,1.280705e-002,-0.002629,-1.634095,1.000000e+000,1.000000e+000
,51,XLpeplib_Beveridge_QEx-HFX_DSS_R3.12230.12230.3.0.dta,3,1608.841616,1.000000e+000,1.306999e-002,0.000289,0.179632,1.000000e+000,1.000000e+000
,52,XLpeplib_Beveridge_QEx-HFX_DSS_R3.15525.15525.3.0.dta,3,1608.841369,1.000000e+000,1.378790e-002,0.000042,0.026106,1.000000e+000,1.000000e+000
,53,XLpeplib_Beveridge_QEx-HFX_DSS_R3.13042.13042.3.0.dta,3,1608.838688,1.000000e+000,1.383394e-002,-0.002639,-1.640311,1.000000e+000,1.000000e+000
,54,XLpeplib_Beveridge_QEx-HFX_DSS_R3.12387.12387.3.0.dta,3,1608.841081,1.000000e+000,1.387041e-002,-0.000246,-0.152905,1.000000e+000,1.000000e+000
,55,XLpeplib_Beveridge_QEx-HFX_DSS_R3.16952.16952.3.0.dta,3,1592.847042,1.000000e+000,1.452618e-002,0.000629,0.394891,1.000000e+000,1.000000e+000
,56,XLpeplib_Beveridge_QEx-HFX_DSS_R3.14518.14518.3.1.dta,3,1608.840921,1.000000e+000,1.476399e-002,-0.000406,-0.252356,1.000000e+000,1.000000e+000
,57,XLpeplib_Beveridge_QEx-HFX_DSS_R3.17684.17684.3.1.dta,3,1592.846208,1.000000e+000,1.501835e-002,-0.000205,-0.128700,1.000000e+000,1.000000e+000
,58,XLpeplib_Beveridge_QEx-HFX_DSS_R3.12141.12141.3.0.dta,3,1608.839480,1.000000e+000,1.544416e-002,-0.001847,-1.148031,1.000000e+000,1.000000e+000
,59,XLpeplib_Beveridge_QEx-HFX_DSS_R3.16132.16132.3.0.dta,3,1592.846645,1.000000e+000,1.558038e-002,0.000232,0.145651,1.000000e+000,1.000000e+000
,60,XLpeplib_Beveridge_QEx-HFX_DSS_R3.12919.12919.3.1.dta,3,1608.838620,1.000000e+000,1.600720e-002,-0.002707,-1.682577,1.000000e+000,1.000000e+000
,61,XLpeplib_Beveridge_QEx-HFX_DSS_R3.12348.12348.3.0.dta,3,1608.839258,1.000000e+000,1.642903e-002,-0.002069,-1.286019,1.000000e+000,1.000000e+000
,62,XLpeplib_Beveridge_QEx-HFX_DSS_R3.13543.13543.3.1.dta,3,1608.839946,1.000000e+000,1.894664e-002,-0.001381,-0.858382,1.000000e+000,1.000000e+000
,63,XLpeplib_Beveridge_QEx-HFX_DSS_R3.18082.18082.3.0.dta,3,1592.845831,1.000000e+000,1.909068e-002,-0.000582,-0.365384,1.000000e+000,1.000000e+000
,64,XLpeplib_Beveridge_QEx-HFX_DSS_R3.11776.11776.3.0.dta,3,1608.841390,1.000000e+000,2.076506e-002,0.000063,0.039159,1.000000e+000,1.000000e+000
,65,XLpeplib_Beveridge_QEx-HFX_DSS_R3.15464.15464.3.0.dta,3,1592.846637,1.000000e+000,2.179092e-002,0.000224,0.140629,1.000000e+000,1.000000e+000
,66,XLpeplib_Beveridge_QEx-HFX_DSS_R3.11777.11777.3.0.dta,3,1608.841390,1.000000e+000,2.238401e-002,0.000063,0.039159,1.000000e+000,1.000000e+000
,67,XLpeplib_Beveridge_QEx-HFX_DSS_R3.17687.17687.3.1.dta,3,1592.846405,1.000000e+000,2.274216e-002,-0.000008,-0.005022,1.000000e+000,1.000000e+000
,68,XLpeplib_Beveridge_QEx-HFX_DSS_R3.15997.15997.3.1.dta,3,1608.841454,1.000000e+000,2.493626e-002,0.000127,0.078939,1.000000e+000,1.000000e+000
,69,XLpeplib_Beveridge_QEx-HFX_DSS_R3.16386.16386.3.0.dta,3,1592.846660,1.000000e+000,2.578422e-002,0.000247,0.155068,1.000000e+000,1.000000e+000
,70,XLpeplib_Beveridge_QEx-HFX_DSS_R3.16942.16942.3.0.dta,3,1608.841841,1.000000e+000,2.699599e-002,0.000514,0.319485,1.000000e+000,1.000000e+000
,71,XLpeplib_Beveridge_QEx-HFX_DSS_R3.17852.17852.3.0.dta,3,1592.846727,1.000000e+000,2.843134e-002,0.000314,0.197131,1.000000e+000,1.000000e+000
,72,XLpeplib_Beveridge_QEx-HFX_DSS_R3.11759.11759.3.0.dta,3,1608.839804,1.000000e+000,3.022778e-002,-0.001523,-0.946644,1.000000e+000,1.000000e+000
,73,XLpeplib_Beveridge_QEx-HFX_DSS_R3.14415.14415.3.0.dta,3,1608.841556,1.000000e+000,3.107451e-002,0.000229,0.142338,1.000000e+000,1.000000e+000
,74,XLpeplib_Beveridge_QEx-HFX_DSS_R3.18373.18373.3.0.dta,3,1592.846291,1.000000e+000,3.176715e-002,-0.000122,-0.076592,1.000000e+000,1.000000e+000
,75,XLpeplib_Beveridge_QEx-HFX_DSS_R3.16978.16978.3.0.dta,3,1608.842158,1.000000e+000,3.197975e-002,0.000831,0.516521,1.000000e+000,1.000000e+000
,76,XLpeplib_Beveridge_QEx-HFX_DSS_R3.16385.16385.3.0.dta,3,1608.840300,1.000000e+000,3.292831e-002,-0.001027,-0.638348,1.000000e+000,1.000000e+000
,77,XLpeplib_Beveridge_QEx-HFX_DSS_R3.14327.14327.3.1.dta,3,1608.840158,1.000000e+000,6.548724e-002,-0.001169,-0.726610,1.000000e+000,1.000000e+000
,78,XLpeplib_Beveridge_QEx-HFX_DSS_R3.17619.17619.3.1.dta,3,1592.846448,1.000000e+000,6.981530e-002,0.000035,0.021973,1.000000e+000,1.000000e+000
,79,XLpeplib_Beveridge_QEx-HFX_DSS_R3.16869.16869.3.0.dta,3,1592.846849,1.000000e+000,7.727078e-002,0.000436,0.273724,1.000000e+000,1.000000e+000
,80,XLpeplib_Beveridge_QEx-HFX_DSS_R3.16228.16228.3.0.dta,3,1608.840929,1.000000e+000,1.216956e-001,-0.000398,-0.247383,1.000000e+000,1.000000e+000
,81,XLpeplib_Beveridge_QEx-HFX_DSS_R3.17149.17149.3.1.dta,3,1592.846157,1.000000e+000,1.219396e-001,-0.000256,-0.160719,1.000000e+000,1.000000e+000
,82,XLpeplib_Beveridge_QEx-HFX_DSS_R3.17374.17374.3.2.dta,3,1592.846089,1.000000e+000,1.595379e-001,-0.000324,-0.203409,1.000000e+000,1.000000e+000
14,IEEGIKELGSQILK(6),1712.967961,null,Cas9(793)/
,1,XLpeplib_Beveridge_QEx-HFX_DSS_R3.25338.25338.2.0.dta,2,1712.967846,1.000000e+000,2.035411e-003,-0.000115,-0.067135,1.000000e+000,1.000000e+000
,2,XLpeplib_Beveridge_QEx-HFX_DSS_R3.25345.25345.2.0.dta,2,1712.967722,1.000000e+000,7.549026e-002,-0.000239,-0.139524,1.000000e+000,1.000000e+000
,3,XLpeplib_Beveridge_QEx-HFX_DSS_R3.25243.25243.3.1.dta,3,1712.968072,1.000000e+000,2.024228e-001,0.000111,0.064800,1.000000e+000,1.000000e+000
,4,XLpeplib_Beveridge_QEx-HFX_DSS_R3.25464.25464.2.1.dta,2,1712.967396,1.000000e+000,2.166901e-001,-0.000565,-0.329837,1.000000e+000,1.000000e+000
,5,XLpeplib_Beveridge_QEx-HFX_DSS_R3.27407.27407.3.0.dta,3,1712.968596,1.000000e+000,3.657278e-001,0.000635,0.370702,1.000000e+000,1.000000e+000
15,IEKILTFR(3),1175.703380,null,Cas9(446)/
,1,XLpeplib_Beveridge_QEx-HFX_DSS_R3.22078.22078.2.0.dta,2,1175.703865,1.000000e+000,8.769791e-004,0.000485,0.412519,1.000000e+000,1.000000e+000
16,KDFQFYK(1),1131.572040,null,Cas9(972)/
,1,XLpeplib_Beveridge_QEx-HFX_DSS_R3.19809.19809.2.0.dta,2,1131.572503,1.000000e+000,9.452018e-003,0.000463,0.409165,1.000000e+000,1.000000e+000
17,KDLIIK(1),885.565502,null,Cas9(1196)/
,1,XLpeplib_Beveridge_QEx-HFX_DSS_R3.16800.16800.2.0.dta,2,885.565564,1.000000e+000,1.353489e-001,0.000062,0.070012,1.000000e+000,1.000000e+000
18,KFDNLTK(1),1021.556391,null,Cas9(900)/
,1,XLpeplib_Beveridge_QEx-HFX_DSS_R3.13174.13174.2.0.dta,2,1021.556932,1.000000e+000,1.105965e-003,0.000541,0.529584,1.000000e+000,1.000000e+000
,2,XLpeplib_Beveridge_QEx-HFX_DSS_R3.13057.13057.2.0.dta,2,1021.554629,1.000000e+000,9.539679e-003,-0.001762,-1.724819,1.000000e+000,1.000000e+000
,3,XLpeplib_Beveridge_QEx-HFX_DSS_R3.18296.18296.2.0.dta,2,1021.556994,1.000000e+000,9.547524e-003,0.000603,0.590276,1.000000e+000,1.000000e+000
,4,XLpeplib_Beveridge_QEx-HFX_DSS_R3.16168.16168.2.1.dta,2,1021.557716,1.000000e+000,3.023674e-001,0.001325,1.297040,1.000000e+000,1.000000e+000
19,KGILQTVK(1),1042.650621,null,Cas9(739)/
,1,XLpeplib_Beveridge_QEx-HFX_DSS_R3.14194.14194.2.0.dta,2,1042.650886,1.000000e+000,1.886375e-003,0.000265,0.254160,1.000000e+000,1.000000e+000
,2,XLpeplib_Beveridge_QEx-HFX_DSS_R3.14526.14526.2.0.dta,2,1042.650756,1.000000e+000,9.503767e-002,0.000135,0.129478,1.000000e+000,1.000000e+000
,3,XLpeplib_Beveridge_QEx-HFX_DSS_R3.12572.12572.2.4.dta,2,1042.650480,1.000000e+000,1.685961e-001,-0.000141,-0.135232,1.000000e+000,1.000000e+000
,4,XLpeplib_Beveridge_QEx-HFX_DSS_R3.14331.14331.2.1.dta,2,1042.650914,1.000000e+000,3.707259e-001,0.000293,0.281015,1.000000e+000,1.000000e+000
20,KIECFDSVEISGVEDR(1),2038.963670,Carbamidomethyl[C](4),Cas9(575)/
,1,XLpeplib_Beveridge_QEx-HFX_DSS_R3.21886.21886.3.0.dta,3,2038.963360,1.000000e+000,7.005038e-004,-0.000310,-0.152038,1.000000e+000,1.000000e+000
,2,XLpeplib_Beveridge_QEx-HFX_DSS_R3.21725.21725.3.0.dta,3,2038.963389,1.000000e+000,1.916403e-002,-0.000281,-0.137815,1.000000e+000,1.000000e+000
21,KLINGIR(1),969.609093,null,Cas9(669)/
,1,XLpeplib_Beveridge_QEx-HFX_DSS_R3.14966.14966.2.0.dta,2,969.609187,1.000000e+000,2.611489e-003,0.000094,0.096946,1.000000e+000,1.000000e+000
,2,XLpeplib_Beveridge_QEx-HFX_DSS_R3.14827.14827.2.0.dta,2,969.609171,1.000000e+000,3.958318e-003,0.000078,0.080445,1.000000e+000,1.000000e+000
,3,XLpeplib_Beveridge_QEx-HFX_DSS_R3.13086.13086.2.0.dta,2,969.609263,1.000000e+000,3.561518e-001,0.000170,0.175328,1.000000e+000,1.000000e+000
,4,XLpeplib_Beveridge_QEx-HFX_DSS_R3.13091.13091.2.0.dta,2,969.609233,1.000000e+000,3.707385e-001,0.000140,0.144388,1.000000e+000,1.000000e+000
,5,XLpeplib_Beveridge_QEx-HFX_DSS_R3.13192.13192.2.0.dta,2,969.609014,1.000000e+000,4.167499e-001,-0.000079,-0.081476,1.000000e+000,1.000000e+000
22,KLVDSTDK(1),1061.572432,null,Cas9(145)/
,1,XLpeplib_Beveridge_QEx-HFX_DSS_R3.10258.10258.2.0.dta,2,1061.572386,1.000000e+000,2.304349e-003,-0.000046,-0.043332,1.000000e+000,1.000000e+000
,2,XLpeplib_Beveridge_QEx-HFX_DSS_R3.9979.9979.2.0.dta,2,1061.572694,1.000000e+000,3.531834e-003,0.000262,0.246804,1.000000e+000,1.000000e+000
,3,XLpeplib_Beveridge_QEx-HFX_DSS_R3.10257.10257.2.0.dta,2,1061.572386,1.000000e+000,3.617998e-003,-0.000046,-0.043332,1.000000e+000,1.000000e+000
,4,XLpeplib_Beveridge_QEx-HFX_DSS_R3.10499.10499.2.0.dta,2,1061.572664,1.000000e+000,7.123126e-003,0.000232,0.218544,1.000000e+000,1.000000e+000
,5,XLpeplib_Beveridge_QEx-HFX_DSS_R3.12112.12112.2.0.dta,2,1061.572574,1.000000e+000,2.345527e-001,0.000142,0.133764,1.000000e+000,1.000000e+000
,6,XLpeplib_Beveridge_QEx-HFX_DSS_R3.21895.21895.2.1.dta,2,1061.572530,1.000000e+000,2.440744e-001,0.000098,0.092316,1.000000e+000,1.000000e+000
,7,XLpeplib_Beveridge_QEx-HFX_DSS_R3.13392.13392.2.0.dta,2,1061.572705,1.000000e+000,2.658444e-001,0.000273,0.257166,1.000000e+000,1.000000e+000
,8,XLpeplib_Beveridge_QEx-HFX_DSS_R3.12125.12125.2.1.dta,2,1061.572257,1.000000e+000,3.747461e-001,-0.000175,-0.164850,1.000000e+000,1.000000e+000
23,KNLIGALLFDSGETAEATR(1),2162.133838,null,Cas9(49)/
,1,XLpeplib_Beveridge_QEx-HFX_DSS_R3.28655.28655.3.0.dta,3,2162.133838,1.000000e+000,5.252767e-004,0.000000,0.000000,1.000000e+000,1.000000e+000
,2,XLpeplib_Beveridge_QEx-HFX_DSS_R3.28551.28551.3.0.dta,3,2162.133429,1.000000e+000,6.236421e-004,-0.000409,-0.189165,1.000000e+000,1.000000e+000
24,KPAFLSGEQK(1),1260.683371,null,Cas9(540)/
,1,XLpeplib_Beveridge_QEx-HFX_DSS_R3.16375.16375.2.0.dta,2,1260.682998,1.000000e+000,5.317049e-004,-0.000373,-0.295871,1.000000e+000,1.000000e+000
,2,XLpeplib_Beveridge_QEx-HFX_DSS_R3.16400.16400.2.0.dta,2,1260.683519,1.000000e+000,6.595783e-004,0.000148,0.117397,1.000000e+000,1.000000e+000
,3,XLpeplib_Beveridge_QEx-HFX_DSS_R3.16589.16589.2.0.dta,2,1260.683349,1.000000e+000,2.496066e-003,-0.000022,-0.017451,1.000000e+000,1.000000e+000
,4,XLpeplib_Beveridge_QEx-HFX_DSS_R3.19220.19220.2.3.dta,2,1260.682739,1.000000e+000,4.058028e-001,-0.000632,-0.501315,1.000000e+000,1.000000e+000
25,KSEETITPWNFEEVVDK(1),2207.075323,null,Cas9(472)/
,1,XLpeplib_Beveridge_QEx-HFX_DSS_R3.26178.26178.3.0.dta,3,2207.073356,1.000000e+000,1.103464e-002,-0.001967,-0.891225,1.000000e+000,1.000000e+000
,2,XLpeplib_Beveridge_QEx-HFX_DSS_R3.26306.26306.3.0.dta,3,2207.074453,1.000000e+000,1.438854e-002,-0.000870,-0.394187,1.000000e+000,1.000000e+000
26,LEESFLVEEDKK(11),1621.820637,null,Cas9(115)/
,1,XLpeplib_Beveridge_QEx-HFX_DSS_R3.20783.20783.2.0.dta,2,1621.822255,1.000000e+000,1.448192e-004,0.001618,0.997644,1.000000e+000,1.000000e+000
,2,XLpeplib_Beveridge_QEx-HFX_DSS_R3.22706.22706.2.1.dta,2,1621.818456,1.000000e+000,1.130825e-002,-0.002181,-1.344785,1.000000e+000,1.000000e+000
,3,XLpeplib_Beveridge_QEx-HFX_DSS_R3.20186.20186.3.0.dta,3,1621.820855,1.000000e+000,1.436318e-002,0.000218,0.134417,1.000000e+000,1.000000e+000
,4,XLpeplib_Beveridge_QEx-HFX_DSS_R3.20543.20543.2.0.dta,2,1621.820907,1.000000e+000,2.876833e-002,0.000270,0.166480,1.000000e+000,1.000000e+000
,5,XLpeplib_Beveridge_QEx-HFX_DSS_R3.20335.20335.3.0.dta,3,1621.820752,1.000000e+000,5.655844e-002,0.000115,0.070908,1.000000e+000,1.000000e+000
,6,XLpeplib_Beveridge_QEx-HFX_DSS_R3.20142.20142.3.0.dta,3,1621.821290,1.000000e+000,6.564408e-002,0.000653,0.402634,1.000000e+000,1.000000e+000
,7,XLpeplib_Beveridge_QEx-HFX_DSS_R3.23888.23888.3.0.dta,3,1621.820795,1.000000e+000,3.320169e-001,0.000158,0.097421,1.000000e+000,1.000000e+000
,8,XLpeplib_Beveridge_QEx-HFX_DSS_R3.23901.23901.3.0.dta,3,1621.821357,1.000000e+000,3.950441e-001,0.000720,0.443946,1.000000e+000,1.000000e+000
27,LENLIAQLPGEKK(12),1608.920622,null,Cas9(237)/
,1,XLpeplib_Beveridge_QEx-HFX_DSS_R3.22155.22155.2.0.dta,2,1608.920405,1.000000e+000,6.841090e-005,-0.000217,-0.134873,1.000000e+000,1.000000e+000
,2,XLpeplib_Beveridge_QEx-HFX_DSS_R3.22237.22237.3.0.dta,3,1608.920622,1.000000e+000,1.645021e-002,0.000000,0.000000,1.000000e+000,1.000000e+000
,3,XLpeplib_Beveridge_QEx-HFX_DSS_R3.22064.22064.3.0.dta,3,1608.921380,1.000000e+000,1.670748e-002,0.000758,0.471123,1.000000e+000,1.000000e+000
,4,XLpeplib_Beveridge_QEx-HFX_DSS_R3.25229.25229.3.0.dta,3,1608.920581,1.000000e+000,1.631479e-001,-0.000041,-0.025483,1.000000e+000,1.000000e+000
,5,XLpeplib_Beveridge_QEx-HFX_DSS_R3.25568.25568.2.1.dta,2,1608.919365,1.000000e+000,2.087428e-001,-0.001257,-0.781269,1.000000e+000,1.000000e+000
,6,XLpeplib_Beveridge_QEx-HFX_DSS_R3.25398.25398.3.1.dta,3,1608.921041,1.000000e+000,2.750922e-001,0.000419,0.260423,1.000000e+000,1.000000e+000
28,LESEFVYGDYKVYDVR(11),2138.032735,null,Cas9(1018)/
,1,XLpeplib_Beveridge_QEx-HFX_DSS_R3.24922.24922.3.0.dta,3,2138.032836,1.000000e+000,5.213278e-004,0.000101,0.047240,1.000000e+000,1.000000e+000
,2,XLpeplib_Beveridge_QEx-HFX_DSS_R3.24807.24807.3.0.dta,3,2138.032511,1.000000e+000,9.291425e-002,-0.000224,-0.104769,1.000000e+000,1.000000e+000
,3,XLpeplib_Beveridge_QEx-HFX_DSS_R3.24771.24771.3.0.dta,3,2138.032306,1.000000e+000,1.199694e-001,-0.000429,-0.200652,1.000000e+000,1.000000e+000
29,LKTYAHLFDDK(2),1506.783804,null,Cas9(641)/
,1,XLpeplib_Beveridge_QEx-HFX_DSS_R3.18135.18135.3.0.dta,3,1506.783922,1.000000e+000,5.838047e-004,0.000118,0.078312,1.000000e+000,1.000000e+000
,2,XLpeplib_Beveridge_QEx-HFX_DSS_R3.18153.18153.3.0.dta,3,1506.783945,1.000000e+000,8.331528e-004,0.000141,0.093577,1.000000e+000,1.000000e+000
,3,XLpeplib_Beveridge_QEx-HFX_DSS_R3.18216.18216.3.0.dta,3,1506.784036,1.000000e+000,8.839197e-004,0.000232,0.153970,1.000000e+000,1.000000e+000
,4,XLpeplib_Beveridge_QEx-HFX_DSS_R3.18391.18391.3.0.dta,3,1506.783770,1.000000e+000,4.419189e-003,-0.000034,-0.022565,1.000000e+000,1.000000e+000
,5,XLpeplib_Beveridge_QEx-HFX_DSS_R3.16814.16814.3.0.dta,3,1506.783801,1.000000e+000,5.498097e-003,-0.000003,-0.001991,1.000000e+000,1.000000e+000
,6,XLpeplib_Beveridge_QEx-HFX_DSS_R3.18541.18541.3.0.dta,3,1506.783257,1.000000e+000,1.528260e-002,-0.000547,-0.363025,1.000000e+000,1.000000e+000
,7,XLpeplib_Beveridge_QEx-HFX_DSS_R3.17029.17029.3.0.dta,3,1506.781627,1.000000e+000,4.819660e-002,-0.002177,-1.444799,1.000000e+000,1.000000e+000
,8,XLpeplib_Beveridge_QEx-HFX_DSS_R3.18041.18041.3.0.dta,3,1506.782945,1.000000e+000,7.349650e-002,-0.000859,-0.570088,1.000000e+000,1.000000e+000
,9,XLpeplib_Beveridge_QEx-HFX_DSS_R3.18701.18701.3.0.dta,3,1506.784120,1.000000e+000,1.169784e-001,0.000316,0.209718,1.000000e+000,1.000000e+000
,10,XLpeplib_Beveridge_QEx-HFX_DSS_R3.20999.20999.3.0.dta,3,1506.783300,1.000000e+000,1.624814e-001,-0.000504,-0.334487,1.000000e+000,1.000000e+000
,11,XLpeplib_Beveridge_QEx-HFX_DSS_R3.18747.18747.3.1.dta,3,1506.782619,1.000000e+000,3.024355e-001,-0.001185,-0.786443,1.000000e+000,1.000000e+000
,12,XLpeplib_Beveridge_QEx-HFX_DSS_R3.21696.21696.3.0.dta,3,1506.783241,1.000000e+000,3.230494e-001,-0.000563,-0.373644,1.000000e+000,1.000000e+000
,13,XLpeplib_Beveridge_QEx-HFX_DSS_R3.18923.18923.3.0.dta,3,1506.784746,1.000000e+000,3.613243e-001,0.000942,0.625173,1.000000e+000,1.000000e+000
,14,XLpeplib_Beveridge_QEx-HFX_DSS_R3.21632.21632.3.0.dta,3,1506.784126,1.000000e+000,4.180005e-001,0.000322,0.213700,1.000000e+000,1.000000e+000
30,LPKYSLFELENGR(3),1721.910784,null,Cas9(1204)/
,1,XLpeplib_Beveridge_QEx-HFX_DSS_R3.25256.25256.3.0.dta,3,1721.911258,1.000000e+000,7.675551e-003,0.000474,0.275276,1.000000e+000,1.000000e+000
,2,XLpeplib_Beveridge_QEx-HFX_DSS_R3.25380.25380.3.0.dta,3,1721.910805,1.000000e+000,3.502287e-001,0.000021,0.012196,1.000000e+000,1.000000e+000
31,LVDSTDKADLR(7),1388.726685,null,Cas9(152)/
,1,XLpeplib_Beveridge_QEx-HFX_DSS_R3.17264.17264.2.2.dta,2,1388.725326,1.000000e+000,2.308100e-003,-0.001359,-0.978594,1.000000e+000,1.000000e+000
,2,XLpeplib_Beveridge_QEx-HFX_DSS_R3.15857.15857.2.0.dta,2,1388.727001,1.000000e+000,3.210957e-003,0.000316,0.227547,1.000000e+000,1.000000e+000
,3,XLpeplib_Beveridge_QEx-HFX_DSS_R3.15880.15880.2.0.dta,2,1388.726816,1.000000e+000,1.657477e-002,0.000131,0.094331,1.000000e+000,1.000000e+000
,4,XLpeplib_Beveridge_QEx-HFX_DSS_R3.15045.15045.3.0.dta,3,1388.726482,1.000000e+000,6.850462e-002,-0.000203,-0.146177,1.000000e+000,1.000000e+000
,5,XLpeplib_Beveridge_QEx-HFX_DSS_R3.15143.15143.3.0.dta,3,1388.727140,1.000000e+000,7.450310e-002,0.000455,0.327638,1.000000e+000,1.000000e+000
,6,XLpeplib_Beveridge_QEx-HFX_DSS_R3.15035.15035.3.0.dta,3,1388.726955,1.000000e+000,7.622493e-002,0.000270,0.194423,1.000000e+000,1.000000e+000
32,MDGTEELLVKLNR(10),1689.872682,Oxidation[M](1),Cas9(396)/
,1,XLpeplib_Beveridge_QEx-HFX_DSS_R3.24841.24841.2.0.dta,2,1689.872721,1.000000e+000,1.703305e-003,0.000039,0.023079,1.000000e+000,1.000000e+000
,2,XLpeplib_Beveridge_QEx-HFX_DSS_R3.25999.25999.3.0.dta,3,1673.877574,1.000000e+000,2.402884e-003,-0.000194,-0.115899,1.000000e+000,1.000000e+000
,3,XLpeplib_Beveridge_QEx-HFX_DSS_R3.24678.24678.3.0.dta,3,1689.872315,1.000000e+000,2.493230e-003,-0.000367,-0.217176,1.000000e+000,1.000000e+000
,4,XLpeplib_Beveridge_QEx-HFX_DSS_R3.25898.25898.3.0.dta,3,1673.878118,1.000000e+000,3.529336e-003,0.000350,0.209095,1.000000e+000,1.000000e+000
,5,XLpeplib_Beveridge_QEx-HFX_DSS_R3.24556.24556.3.0.dta,3,1689.872870,1.000000e+000,3.590131e-003,0.000188,0.111251,1.000000e+000,1.000000e+000
,6,XLpeplib_Beveridge_QEx-HFX_DSS_R3.24854.24854.2.0.dta,2,1689.873618,1.000000e+000,3.728700e-003,0.000936,0.553888,1.000000e+000,1.000000e+000
,7,XLpeplib_Beveridge_QEx-HFX_DSS_R3.25425.25425.2.2.dta,2,1689.872871,1.000000e+000,4.632110e-003,0.000189,0.111843,1.000000e+000,1.000000e+000
,8,XLpeplib_Beveridge_QEx-HFX_DSS_R3.24997.24997.2.2.dta,2,1689.874760,1.000000e+000,5.331271e-003,0.002078,1.229678,1.000000e+000,1.000000e+000
,9,XLpeplib_Beveridge_QEx-HFX_DSS_R3.24844.24844.3.0.dta,3,1689.873079,1.000000e+000,5.678858e-003,0.000397,0.234929,1.000000e+000,1.000000e+000
,10,XLpeplib_Beveridge_QEx-HFX_DSS_R3.25801.25801.3.0.dta,3,1689.872422,1.000000e+000,6.148803e-003,-0.000260,-0.153858,1.000000e+000,1.000000e+000
,11,XLpeplib_Beveridge_QEx-HFX_DSS_R3.24853.24853.2.0.dta,2,1689.873618,1.000000e+000,7.061579e-003,0.000936,0.553888,1.000000e+000,1.000000e+000
,12,XLpeplib_Beveridge_QEx-HFX_DSS_R3.24443.24443.3.0.dta,3,1689.872583,1.000000e+000,7.303292e-003,-0.000099,-0.058584,1.000000e+000,1.000000e+000
,13,XLpeplib_Beveridge_QEx-HFX_DSS_R3.25777.25777.3.0.dta,3,1673.878026,1.000000e+000,8.087542e-003,0.000258,0.154133,1.000000e+000,1.000000e+000
,14,XLpeplib_Beveridge_QEx-HFX_DSS_R3.25033.25033.3.0.dta,3,1689.872011,1.000000e+000,2.706621e-002,-0.000671,-0.397071,1.000000e+000,1.000000e+000
,15,XLpeplib_Beveridge_QEx-HFX_DSS_R3.25261.25261.3.0.dta,3,1689.873250,1.000000e+000,6.834144e-002,0.000568,0.336120,1.000000e+000,1.000000e+000
,16,XLpeplib_Beveridge_QEx-HFX_DSS_R3.23518.23518.2.5.dta,2,1689.878544,1.000000e+000,3.049799e-001,0.005862,3.468900,1.000000e+000,1.000000e+000
,17,XLpeplib_Beveridge_QEx-HFX_DSS_R3.25422.25422.2.3.dta,2,1689.872779,1.000000e+000,3.129977e-001,0.000097,0.057401,1.000000e+000,1.000000e+000
33,MIAKSEQEIGK(4),1405.724241,Oxidation[M](1),Cas9(1028)/
,1,XLpeplib_Beveridge_QEx-HFX_DSS_R3.11129.11129.2.0.dta,2,1405.723576,1.000000e+000,1.439947e-002,-0.000665,-0.473066,1.000000e+000,1.000000e+000
,2,XLpeplib_Beveridge_QEx-HFX_DSS_R3.23546.23546.2.0.dta,2,1389.729988,1.000000e+000,2.138978e-002,0.000661,0.475632,1.000000e+000,1.000000e+000
,3,XLpeplib_Beveridge_QEx-HFX_DSS_R3.14121.14121.2.3.dta,2,1405.722948,1.000000e+000,4.425427e-002,-0.001293,-0.919811,1.000000e+000,1.000000e+000
,4,XLpeplib_Beveridge_QEx-HFX_DSS_R3.13043.13043.2.1.dta,2,1389.727965,1.000000e+000,8.785350e-002,-0.001362,-0.980047,1.000000e+000,1.000000e+000
,5,XLpeplib_Beveridge_QEx-HFX_DSS_R3.11099.11099.2.1.dta,2,1389.728856,1.000000e+000,1.110056e-001,-0.000471,-0.338915,1.000000e+000,1.000000e+000
,6,XLpeplib_Beveridge_QEx-HFX_DSS_R3.14216.14216.2.0.dta,2,1405.723586,1.000000e+000,1.879402e-001,-0.000655,-0.465952,1.000000e+000,1.000000e+000
,7,XLpeplib_Beveridge_QEx-HFX_DSS_R3.13687.13687.2.0.dta,2,1389.728977,1.000000e+000,2.283027e-001,-0.000350,-0.251848,1.000000e+000,1.000000e+000
,8,XLpeplib_Beveridge_QEx-HFX_DSS_R3.13669.13669.2.0.dta,2,1389.729040,1.000000e+000,2.536518e-001,-0.000287,-0.206515,1.000000e+000,1.000000e+000
,9,XLpeplib_Beveridge_QEx-HFX_DSS_R3.11545.11545.2.1.dta,2,1405.723897,1.000000e+000,3.734246e-001,-0.000344,-0.244714,1.000000e+000,1.000000e+000
34,MKNYWR(2),1069.513481,Oxidation[M](1),Cas9(884)/
,1,XLpeplib_Beveridge_QEx-HFX_DSS_R3.14420.14420.2.2.dta,2,1069.514111,1.000000e+000,3.007632e-003,0.000630,0.589053,1.000000e+000,1.000000e+000
,2,XLpeplib_Beveridge_QEx-HFX_DSS_R3.15685.15685.2.0.dta,2,1053.518526,1.000000e+000,5.271788e-003,-0.000041,-0.038917,1.000000e+000,1.000000e+000
,3,XLpeplib_Beveridge_QEx-HFX_DSS_R3.14688.14688.2.0.dta,2,1069.513793,1.000000e+000,5.623901e-003,0.000312,0.291721,1.000000e+000,1.000000e+000
,4,XLpeplib_Beveridge_QEx-HFX_DSS_R3.15710.15710.2.0.dta,2,1053.518207,1.000000e+000,6.673665e-003,-0.000360,-0.341712,1.000000e+000,1.000000e+000
,5,XLpeplib_Beveridge_QEx-HFX_DSS_R3.14413.14413.2.0.dta,2,1069.514192,1.000000e+000,7.703478e-003,0.000711,0.664788,1.000000e+000,1.000000e+000
,6,XLpeplib_Beveridge_QEx-HFX_DSS_R3.13884.13884.2.0.dta,2,1069.513299,1.000000e+000,9.767879e-003,-0.000182,-0.170171,1.000000e+000,1.000000e+000
,7,XLpeplib_Beveridge_QEx-HFX_DSS_R3.14080.14080.2.0.dta,2,1069.514049,1.000000e+000,1.066411e-002,0.000568,0.531083,1.000000e+000,1.000000e+000
,8,XLpeplib_Beveridge_QEx-HFX_DSS_R3.14856.14856.2.1.dta,2,1069.513747,1.000000e+000,1.149809e-002,0.000266,0.248711,1.000000e+000,1.000000e+000
,9,XLpeplib_Beveridge_QEx-HFX_DSS_R3.13543.13543.2.0.dta,2,1069.513832,1.000000e+000,1.151287e-002,0.000351,0.328187,1.000000e+000,1.000000e+000
,10,XLpeplib_Beveridge_QEx-HFX_DSS_R3.13024.13024.2.0.dta,2,1053.518874,1.000000e+000,1.545115e-002,0.000307,0.291404,1.000000e+000,1.000000e+000
,11,XLpeplib_Beveridge_QEx-HFX_DSS_R3.13048.13048.2.0.dta,2,1053.519221,1.000000e+000,1.701815e-002,0.000654,0.620777,1.000000e+000,1.000000e+000
,12,XLpeplib_Beveridge_QEx-HFX_DSS_R3.13893.13893.2.1.dta,2,1069.513238,1.000000e+000,2.431183e-002,-0.000243,-0.227206,1.000000e+000,1.000000e+000
,13,XLpeplib_Beveridge_QEx-HFX_DSS_R3.14456.14456.2.1.dta,2,1069.513543,1.000000e+000,3.401949e-002,0.000062,0.057970,1.000000e+000,1.000000e+000
,14,XLpeplib_Beveridge_QEx-HFX_DSS_R3.13599.13599.2.1.dta,2,1069.513876,1.000000e+000,8.294270e-002,0.000395,0.369327,1.000000e+000,1.000000e+000
,15,XLpeplib_Beveridge_QEx-HFX_DSS_R3.13437.13437.2.1.dta,2,1069.513510,1.000000e+000,8.787273e-002,0.000029,0.027115,1.000000e+000,1.000000e+000
,16,XLpeplib_Beveridge_QEx-HFX_DSS_R3.14049.14049.2.1.dta,2,1069.513932,1.000000e+000,1.011147e-001,0.000451,0.421687,1.000000e+000,1.000000e+000
,17,XLpeplib_Beveridge_QEx-HFX_DSS_R3.12981.12981.2.1.dta,2,1053.519226,1.000000e+000,2.733661e-001,0.000659,0.625523,1.000000e+000,1.000000e+000
,18,XLpeplib_Beveridge_QEx-HFX_DSS_R3.15374.15374.2.2.dta,2,1069.513701,1.000000e+000,4.099728e-001,0.000220,0.205701,1.000000e+000,1.000000e+000
35,MLASAGELQKGNELALPSK(10),2113.120831,null,Cas9(1226)/
,1,XLpeplib_Beveridge_QEx-HFX_DSS_R3.21449.21449.3.0.dta,3,2113.120938,1.000000e+000,2.001230e-003,0.000107,0.050636,1.000000e+000,1.000000e+000
,2,XLpeplib_Beveridge_QEx-HFX_DSS_R3.21570.21570.3.0.dta,3,2113.120712,1.000000e+000,2.268105e-003,-0.000119,-0.056315,1.000000e+000,1.000000e+000
,3,XLpeplib_Beveridge_QEx-HFX_DSS_R3.20245.20245.3.0.dta,3,2129.115963,1.000000e+000,2.600546e-003,0.000218,0.102390,1.000000e+000,1.000000e+000
,4,XLpeplib_Beveridge_QEx-HFX_DSS_R3.20426.20426.3.0.dta,3,2129.115273,1.000000e+000,2.869053e-003,-0.000472,-0.221688,1.000000e+000,1.000000e+000
,5,XLpeplib_Beveridge_QEx-HFX_DSS_R3.21340.21340.3.0.dta,3,2129.116606,1.000000e+000,3.680534e-003,0.000861,0.404393,1.000000e+000,1.000000e+000
,6,XLpeplib_Beveridge_QEx-HFX_DSS_R3.21403.21403.3.0.dta,3,2113.121151,1.000000e+000,3.882562e-003,0.000320,0.151435,1.000000e+000,1.000000e+000
,7,XLpeplib_Beveridge_QEx-HFX_DSS_R3.20464.20464.3.0.dta,3,2113.120235,1.000000e+000,4.734233e-003,-0.000596,-0.282047,1.000000e+000,1.000000e+000
,8,XLpeplib_Beveridge_QEx-HFX_DSS_R3.20870.20870.3.0.dta,3,2129.115431,1.000000e+000,5.652381e-003,-0.000314,-0.147479,1.000000e+000,1.000000e+000
,9,XLpeplib_Beveridge_QEx-HFX_DSS_R3.21461.21461.3.0.dta,3,2129.114956,1.000000e+000,5.702170e-003,-0.000789,-0.370576,1.000000e+000,1.000000e+000
,10,XLpeplib_Beveridge_QEx-HFX_DSS_R3.21189.21189.3.0.dta,3,2129.115397,1.000000e+000,5.965732e-003,-0.000348,-0.163448,1.000000e+000,1.000000e+000
,11,XLpeplib_Beveridge_QEx-HFX_DSS_R3.20254.20254.3.0.dta,3,2129.115929,1.000000e+000,6.055888e-003,0.000184,0.086421,1.000000e+000,1.000000e+000
,12,XLpeplib_Beveridge_QEx-HFX_DSS_R3.21728.21728.3.0.dta,3,2113.120655,1.000000e+000,6.527969e-003,-0.000176,-0.083289,1.000000e+000,1.000000e+000
,13,XLpeplib_Beveridge_QEx-HFX_DSS_R3.20230.20230.3.0.dta,3,2129.116254,1.000000e+000,7.143523e-003,0.000509,0.239066,1.000000e+000,1.000000e+000
,14,XLpeplib_Beveridge_QEx-HFX_DSS_R3.21454.21454.3.0.dta,3,2129.115164,1.000000e+000,7.148206e-003,-0.000581,-0.272883,1.000000e+000,1.000000e+000
,15,XLpeplib_Beveridge_QEx-HFX_DSS_R3.20722.20722.3.0.dta,3,2129.115569,1.000000e+000,7.982018e-003,-0.000176,-0.082663,1.000000e+000,1.000000e+000
,16,XLpeplib_Beveridge_QEx-HFX_DSS_R3.20589.20589.3.0.dta,3,2129.115022,1.000000e+000,8.241805e-003,-0.000723,-0.339578,1.000000e+000,1.000000e+000
,17,XLpeplib_Beveridge_QEx-HFX_DSS_R3.22253.22253.3.1.dta,3,2113.124244,1.000000e+000,1.561400e-002,0.003413,1.615147,1.000000e+000,1.000000e+000
,18,XLpeplib_Beveridge_QEx-HFX_DSS_R3.21023.21023.3.1.dta,3,2129.115260,1.000000e+000,2.160075e-002,-0.000485,-0.227794,1.000000e+000,1.000000e+000
,19,XLpeplib_Beveridge_QEx-HFX_DSS_R3.20305.20305.3.0.dta,3,2129.115835,1.000000e+000,3.857137e-002,0.000090,0.042271,1.000000e+000,1.000000e+000
,20,XLpeplib_Beveridge_QEx-HFX_DSS_R3.21974.21974.3.1.dta,3,2113.121092,1.000000e+000,4.255667e-002,0.000261,0.123514,1.000000e+000,1.000000e+000
,21,XLpeplib_Beveridge_QEx-HFX_DSS_R3.21613.21613.2.0.dta,2,2113.119847,1.000000e+000,4.544381e-002,-0.000984,-0.465662,1.000000e+000,1.000000e+000
,22,XLpeplib_Beveridge_QEx-HFX_DSS_R3.20294.20294.3.0.dta,3,2113.121093,1.000000e+000,4.819522e-002,0.000262,0.123987,1.000000e+000,1.000000e+000
,23,XLpeplib_Beveridge_QEx-HFX_DSS_R3.20275.20275.3.0.dta,3,2113.121602,1.000000e+000,4.953650e-002,0.000771,0.364863,1.000000e+000,1.000000e+000
,24,XLpeplib_Beveridge_QEx-HFX_DSS_R3.20344.20344.3.0.dta,3,2113.120978,1.000000e+000,5.626780e-002,0.000147,0.069565,1.000000e+000,1.000000e+000
,25,XLpeplib_Beveridge_QEx-HFX_DSS_R3.21899.21899.3.0.dta,3,2113.120864,1.000000e+000,8.277855e-002,0.000033,0.015617,1.000000e+000,1.000000e+000
,26,XLpeplib_Beveridge_QEx-HFX_DSS_R3.23981.23981.3.0.dta,3,2129.116046,1.000000e+000,8.414473e-002,0.000301,0.141373,1.000000e+000,1.000000e+000
,27,XLpeplib_Beveridge_QEx-HFX_DSS_R3.25010.25010.3.0.dta,3,2113.120309,1.000000e+000,1.302659e-001,-0.000522,-0.247028,1.000000e+000,1.000000e+000
,28,XLpeplib_Beveridge_QEx-HFX_DSS_R3.24728.24728.3.0.dta,3,2113.119904,1.000000e+000,1.389821e-001,-0.000927,-0.438688,1.000000e+000,1.000000e+000
,29,XLpeplib_Beveridge_QEx-HFX_DSS_R3.24892.24892.3.0.dta,3,2113.119934,1.000000e+000,1.428754e-001,-0.000897,-0.424491,1.000000e+000,1.000000e+000
,30,XLpeplib_Beveridge_QEx-HFX_DSS_R3.23700.23700.3.0.dta,3,2129.114619,1.000000e+000,1.625522e-001,-0.001126,-0.528858,1.000000e+000,1.000000e+000
,31,XLpeplib_Beveridge_QEx-HFX_DSS_R3.23871.23871.3.0.dta,3,2129.117276,1.000000e+000,2.186211e-001,0.001531,0.719078,1.000000e+000,1.000000e+000
,32,XLpeplib_Beveridge_QEx-HFX_DSS_R3.28584.28584.3.1.dta,3,2113.121428,1.000000e+000,2.374393e-001,0.000597,0.282521,1.000000e+000,1.000000e+000
,33,XLpeplib_Beveridge_QEx-HFX_DSS_R3.26569.26569.2.3.dta,2,2113.113443,1.000000e+000,2.478653e-001,-0.007388,-3.496251,1.000000e+000,1.000000e+000
,34,XLpeplib_Beveridge_QEx-HFX_DSS_R3.23853.23853.3.0.dta,3,2129.115641,1.000000e+000,2.556961e-001,-0.000104,-0.048847,1.000000e+000,1.000000e+000
,35,XLpeplib_Beveridge_QEx-HFX_DSS_R3.23706.23706.3.0.dta,3,2129.114548,1.000000e+000,2.811200e-001,-0.001197,-0.562205,1.000000e+000,1.000000e+000
,36,XLpeplib_Beveridge_QEx-HFX_DSS_R3.25166.25166.3.1.dta,3,2113.110654,1.000000e+000,3.152072e-001,-0.010177,-4.816099,1.000000e+000,1.000000e+000
,37,XLpeplib_Beveridge_QEx-HFX_DSS_R3.23847.23847.3.2.dta,3,2113.121508,1.000000e+000,3.885479e-001,0.000677,0.320379,1.000000e+000,1.000000e+000
36,MTNFDKNLPNEK(6),1622.772975,Oxidation[M](1),Cas9(504)/
,1,XLpeplib_Beveridge_QEx-HFX_DSS_R3.14987.14987.3.0.dta,3,1622.772974,1.000000e+000,3.637397e-002,-0.000001,-0.000616,1.000000e+000,1.000000e+000
,2,XLpeplib_Beveridge_QEx-HFX_DSS_R3.16724.16724.3.0.dta,3,1606.778669,1.000000e+000,8.536960e-002,0.000608,0.378397,1.000000e+000,1.000000e+000
,3,XLpeplib_Beveridge_QEx-HFX_DSS_R3.15275.15275.2.0.dta,2,1622.772740,1.000000e+000,1.246253e-001,-0.000235,-0.144814,1.000000e+000,1.000000e+000
,4,XLpeplib_Beveridge_QEx-HFX_DSS_R3.15153.15153.3.0.dta,3,1622.772846,1.000000e+000,1.462901e-001,-0.000129,-0.079494,1.000000e+000,1.000000e+000
,5,XLpeplib_Beveridge_QEx-HFX_DSS_R3.16568.16568.3.1.dta,3,1606.778199,1.000000e+000,1.517450e-001,0.000138,0.085886,1.000000e+000,1.000000e+000
,6,XLpeplib_Beveridge_QEx-HFX_DSS_R3.17485.17485.2.0.dta,2,1606.776615,1.000000e+000,1.524711e-001,-0.001446,-0.899938,1.000000e+000,1.000000e+000
,7,XLpeplib_Beveridge_QEx-HFX_DSS_R3.15772.15772.2.0.dta,2,1622.773390,1.000000e+000,2.225184e-001,0.000415,0.255735,1.000000e+000,1.000000e+000
,8,XLpeplib_Beveridge_QEx-HFX_DSS_R3.15979.15979.2.1.dta,2,1606.777117,1.000000e+000,3.884745e-001,-0.000944,-0.587511,1.000000e+000,1.000000e+000
37,NFMQLIHDDSLTFKEDIQK(14),2478.221990,null,Cas9(709)/
,1,XLpeplib_Beveridge_QEx-HFX_DSS_R3.28088.28088.3.0.dta,3,2478.221266,1.000000e+000,3.626443e-003,-0.000724,-0.292145,1.000000e+000,1.000000e+000
,2,XLpeplib_Beveridge_QEx-HFX_DSS_R3.25804.25804.3.0.dta,3,2494.217200,1.000000e+000,7.284614e-002,0.000296,0.118675,1.000000e+000,1.000000e+000
38,NLPNEKVLPK(6),1307.756866,null,Cas9(510)/
,1,XLpeplib_Beveridge_QEx-HFX_DSS_R3.15551.15551.2.0.dta,2,1307.756106,1.000000e+000,2.918712e-003,-0.000760,-0.581148,1.000000e+000,1.000000e+000
,2,XLpeplib_Beveridge_QEx-HFX_DSS_R3.15994.15994.2.0.dta,2,1307.756753,1.000000e+000,2.036564e-002,-0.000113,-0.086407,1.000000e+000,1.000000e+000
,3,XLpeplib_Beveridge_QEx-HFX_DSS_R3.17771.17771.2.4.dta,2,1307.755861,1.000000e+000,1.290809e-001,-0.001005,-0.768491,1.000000e+000,1.000000e+000
,4,XLpeplib_Beveridge_QEx-HFX_DSS_R3.15280.15280.2.0.dta,2,1307.755632,1.000000e+000,3.442585e-001,-0.001234,-0.943600,1.000000e+000,1.000000e+000
,5,XLpeplib_Beveridge_QEx-HFX_DSS_R3.14608.14608.2.0.dta,2,1307.756290,1.000000e+000,3.500205e-001,-0.000576,-0.440449,1.000000e+000,1.000000e+000
,6,XLpeplib_Beveridge_QEx-HFX_DSS_R3.15748.15748.2.0.dta,2,1307.756984,1.000000e+000,3.637041e-001,0.000118,0.090231,1.000000e+000,1.000000e+000
39,NPIDFLEAKGYK(9),1550.810017,null,Cas9(1189)/
,1,XLpeplib_Beveridge_QEx-HFX_DSS_R3.25783.25783.3.0.dta,3,1550.810185,1.000000e+000,3.601466e-002,0.000168,0.108330,1.000000e+000,1.000000e+000
,2,XLpeplib_Beveridge_QEx-HFX_DSS_R3.28499.28499.3.0.dta,3,1550.810345,1.000000e+000,4.024123e-002,0.000328,0.211502,1.000000e+000,1.000000e+000
,3,XLpeplib_Beveridge_QEx-HFX_DSS_R3.24337.24337.2.5.dta,2,1550.812519,1.000000e+000,2.395005e-001,0.002502,1.613350,1.000000e+000,1.000000e+000
40,NRGKSDNVPSEEVVK(4),1813.928946,null,Cas9(870)/
,1,XLpeplib_Beveridge_QEx-HFX_DSS_R3.8627.8627.3.0.dta,3,1813.928959,1.000000e+000,1.006346e-002,0.000013,0.007167,1.000000e+000,1.000000e+000
41,NSDKLIAR(4),1072.599648,null,Cas9(1122)/
,1,XLpeplib_Beveridge_QEx-HFX_DSS_R3.12562.12562.2.0.dta,2,1072.600395,1.000000e+000,4.496686e-004,0.000747,0.696439,1.000000e+000,1.000000e+000
,2,XLpeplib_Beveridge_QEx-HFX_DSS_R3.12546.12546.2.0.dta,2,1072.600128,1.000000e+000,5.555590e-004,0.000480,0.447511,1.000000e+000,1.000000e+000
,3,XLpeplib_Beveridge_QEx-HFX_DSS_R3.12560.12560.2.0.dta,2,1072.600353,1.000000e+000,7.384341e-004,0.000705,0.657282,1.000000e+000,1.000000e+000
,4,XLpeplib_Beveridge_QEx-HFX_DSS_R3.12678.12678.2.0.dta,2,1072.599867,1.000000e+000,1.920112e-003,0.000219,0.204177,1.000000e+000,1.000000e+000
,5,XLpeplib_Beveridge_QEx-HFX_DSS_R3.12757.12757.2.0.dta,2,1072.599803,1.000000e+000,2.539742e-003,0.000155,0.144509,1.000000e+000,1.000000e+000
,6,XLpeplib_Beveridge_QEx-HFX_DSS_R3.12755.12755.2.0.dta,2,1072.599803,1.000000e+000,2.540426e-003,0.000155,0.144509,1.000000e+000,1.000000e+000
,7,XLpeplib_Beveridge_QEx-HFX_DSS_R3.15435.15435.2.2.dta,2,1072.600465,1.000000e+000,2.550709e-003,0.000817,0.761701,1.000000e+000,1.000000e+000
,8,XLpeplib_Beveridge_QEx-HFX_DSS_R3.12756.12756.2.0.dta,2,1072.599803,1.000000e+000,2.868710e-003,0.000155,0.144509,1.000000e+000,1.000000e+000
,9,XLpeplib_Beveridge_QEx-HFX_DSS_R3.12742.12742.2.0.dta,2,1072.599825,1.000000e+000,3.655464e-003,0.000177,0.165020,1.000000e+000,1.000000e+000
,10,XLpeplib_Beveridge_QEx-HFX_DSS_R3.12743.12743.2.0.dta,2,1072.599825,1.000000e+000,3.871439e-003,0.000177,0.165020,1.000000e+000,1.000000e+000
,11,XLpeplib_Beveridge_QEx-HFX_DSS_R3.12279.12279.2.1.dta,2,1072.599776,1.000000e+000,6.601533e-003,0.000128,0.119336,1.000000e+000,1.000000e+000
,12,XLpeplib_Beveridge_QEx-HFX_DSS_R3.13437.13437.2.0.dta,2,1072.599699,1.000000e+000,7.494375e-003,0.000051,0.047548,1.000000e+000,1.000000e+000
,13,XLpeplib_Beveridge_QEx-HFX_DSS_R3.13012.13012.2.1.dta,2,1072.599582,1.000000e+000,8.161195e-003,-0.000066,-0.061533,1.000000e+000,1.000000e+000
,14,XLpeplib_Beveridge_QEx-HFX_DSS_R3.12286.12286.2.1.dta,2,1072.599830,1.000000e+000,8.608239e-003,0.000182,0.169681,1.000000e+000,1.000000e+000
,15,XLpeplib_Beveridge_QEx-HFX_DSS_R3.13543.13543.2.2.dta,2,1072.599800,1.000000e+000,9.541191e-003,0.000152,0.141712,1.000000e+000,1.000000e+000
,16,XLpeplib_Beveridge_QEx-HFX_DSS_R3.13042.13042.2.1.dta,2,1072.599678,1.000000e+000,1.295339e-002,0.000030,0.027969,1.000000e+000,1.000000e+000
,17,XLpeplib_Beveridge_QEx-HFX_DSS_R3.12321.12321.2.2.dta,2,1072.599446,1.000000e+000,1.330462e-002,-0.000202,-0.188327,1.000000e+000,1.000000e+000
,18,XLpeplib_Beveridge_QEx-HFX_DSS_R3.12676.12676.2.0.dta,2,1072.599867,1.000000e+000,1.358689e-002,0.000219,0.204177,1.000000e+000,1.000000e+000
,19,XLpeplib_Beveridge_QEx-HFX_DSS_R3.13055.13055.2.1.dta,2,1072.599626,1.000000e+000,1.368602e-002,-0.000022,-0.020511,1.000000e+000,1.000000e+000
,20,XLpeplib_Beveridge_QEx-HFX_DSS_R3.12921.12921.2.0.dta,2,1072.599704,1.000000e+000,1.370831e-002,0.000056,0.052210,1.000000e+000,1.000000e+000
,21,XLpeplib_Beveridge_QEx-HFX_DSS_R3.12328.12328.2.2.dta,2,1072.599582,1.000000e+000,1.413898e-002,-0.000066,-0.061533,1.000000e+000,1.000000e+000
,22,XLpeplib_Beveridge_QEx-HFX_DSS_R3.12348.12348.2.2.dta,2,1072.600016,1.000000e+000,1.520933e-002,0.000368,0.343092,1.000000e+000,1.000000e+000
,23,XLpeplib_Beveridge_QEx-HFX_DSS_R3.13271.13271.2.1.dta,2,1072.599946,1.000000e+000,1.612560e-002,0.000298,0.277830,1.000000e+000,1.000000e+000
,24,XLpeplib_Beveridge_QEx-HFX_DSS_R3.13096.13096.2.1.dta,2,1072.599495,1.000000e+000,2.421358e-002,-0.000153,-0.142644,1.000000e+000,1.000000e+000
,25,XLpeplib_Beveridge_QEx-HFX_DSS_R3.12478.12478.2.0.dta,2,1072.599588,1.000000e+000,3.112453e-002,-0.000060,-0.055939,1.000000e+000,1.000000e+000
,26,XLpeplib_Beveridge_QEx-HFX_DSS_R3.12746.12746.2.0.dta,2,1072.599825,1.000000e+000,3.262776e-002,0.000177,0.165020,1.000000e+000,1.000000e+000
,27,XLpeplib_Beveridge_QEx-HFX_DSS_R3.12919.12919.2.0.dta,2,1072.599666,1.000000e+000,5.959494e-002,0.000018,0.016782,1.000000e+000,1.000000e+000
,28,XLpeplib_Beveridge_QEx-HFX_DSS_R3.14415.14415.2.1.dta,2,1072.599547,1.000000e+000,5.990280e-002,-0.000101,-0.094164,1.000000e+000,1.000000e+000
,29,XLpeplib_Beveridge_QEx-HFX_DSS_R3.14327.14327.2.0.dta,2,1072.599843,1.000000e+000,1.275574e-001,0.000195,0.181801,1.000000e+000,1.000000e+000
,30,XLpeplib_Beveridge_QEx-HFX_DSS_R3.12060.12060.2.1.dta,2,1072.599739,1.000000e+000,1.516858e-001,0.000091,0.084841,1.000000e+000,1.000000e+000
,31,XLpeplib_Beveridge_QEx-HFX_DSS_R3.12044.12044.2.0.dta,2,1072.599755,1.000000e+000,1.899108e-001,0.000107,0.099758,1.000000e+000,1.000000e+000
,32,XLpeplib_Beveridge_QEx-HFX_DSS_R3.12649.12649.2.1.dta,2,1072.599825,1.000000e+000,2.551198e-001,0.000177,0.165020,1.000000e+000,1.000000e+000
,33,XLpeplib_Beveridge_QEx-HFX_DSS_R3.23173.23173.2.1.dta,2,1072.595921,1.000000e+000,2.791318e-001,-0.003727,-3.474735,1.000000e+000,1.000000e+000
,34,XLpeplib_Beveridge_QEx-HFX_DSS_R3.12827.12827.2.1.dta,2,1072.600014,1.000000e+000,2.875457e-001,0.000366,0.341227,1.000000e+000,1.000000e+000
42,PAFLSGEQKK(9),1260.683371,null,Cas9(549)/
,1,XLpeplib_Beveridge_QEx-HFX_DSS_R3.20192.20192.2.0.dta,2,1260.683627,1.000000e+000,1.794615e-001,0.000256,0.203064,1.000000e+000,1.000000e+000
,2,XLpeplib_Beveridge_QEx-HFX_DSS_R3.20842.20842.2.0.dta,2,1260.683285,1.000000e+000,2.584232e-001,-0.000086,-0.068217,1.000000e+000,1.000000e+000
,3,XLpeplib_Beveridge_QEx-HFX_DSS_R3.20572.20572.2.1.dta,2,1260.682664,1.000000e+000,4.090191e-001,-0.000707,-0.560807,1.000000e+000,1.000000e+000
43,QEDFYPFLKDNR(9),1727.827452,null,Cas9(438)/
,1,XLpeplib_Beveridge_QEx-HFX_DSS_R3.24837.24837.3.0.dta,3,1727.827786,1.000000e+000,3.049480e-003,0.000334,0.193306,1.000000e+000,1.000000e+000
,2,XLpeplib_Beveridge_QEx-HFX_DSS_R3.24677.24677.3.0.dta,3,1727.826851,1.000000e+000,8.535155e-003,-0.000601,-0.347836,1.000000e+000,1.000000e+000
,3,XLpeplib_Beveridge_QEx-HFX_DSS_R3.25540.25540.3.0.dta,3,1727.827519,1.000000e+000,2.150185e-002,0.000067,0.038777,1.000000e+000,1.000000e+000
,4,XLpeplib_Beveridge_QEx-HFX_DSS_R3.25465.25465.2.0.dta,2,1727.826632,1.000000e+000,2.241927e-002,-0.000820,-0.474584,1.000000e+000,1.000000e+000
,5,XLpeplib_Beveridge_QEx-HFX_DSS_R3.25565.25565.3.0.dta,3,1727.827611,1.000000e+000,5.165752e-002,0.000159,0.092023,1.000000e+000,1.000000e+000
44,QITKHVAQILDSR(4),1664.932914,null,Cas9(933)/
,1,XLpeplib_Beveridge_QEx-HFX_DSS_R3.15795.15795.3.0.dta,3,1664.933207,1.000000e+000,5.025361e-003,0.000293,0.175983,1.000000e+000,1.000000e+000
,2,XLpeplib_Beveridge_QEx-HFX_DSS_R3.15593.15593.3.0.dta,3,1664.933256,1.000000e+000,7.015103e-003,0.000342,0.205414,1.000000e+000,1.000000e+000
,3,XLpeplib_Beveridge_QEx-HFX_DSS_R3.14901.14901.3.0.dta,3,1664.932544,1.000000e+000,8.247365e-003,-0.000370,-0.222231,1.000000e+000,1.000000e+000
,4,XLpeplib_Beveridge_QEx-HFX_DSS_R3.15405.15405.3.0.dta,3,1664.933321,1.000000e+000,8.462098e-003,0.000407,0.244454,1.000000e+000,1.000000e+000
,5,XLpeplib_Beveridge_QEx-HFX_DSS_R3.16531.16531.3.2.dta,3,1664.933407,1.000000e+000,1.649395e-002,0.000493,0.296108,1.000000e+000,1.000000e+000
,6,XLpeplib_Beveridge_QEx-HFX_DSS_R3.16050.16050.3.0.dta,3,1664.930858,1.000000e+000,1.678702e-002,-0.002056,-1.234885,1.000000e+000,1.000000e+000
,7,XLpeplib_Beveridge_QEx-HFX_DSS_R3.16115.16115.3.0.dta,3,1664.932433,1.000000e+000,1.739952e-002,-0.000481,-0.288901,1.000000e+000,1.000000e+000
,8,XLpeplib_Beveridge_QEx-HFX_DSS_R3.14728.14728.3.0.dta,3,1664.932664,1.000000e+000,3.262934e-002,-0.000250,-0.150156,1.000000e+000,1.000000e+000
,9,XLpeplib_Beveridge_QEx-HFX_DSS_R3.15476.15476.3.0.dta,3,1664.933747,1.000000e+000,3.361175e-002,0.000833,0.500320,1.000000e+000,1.000000e+000
,10,XLpeplib_Beveridge_QEx-HFX_DSS_R3.15928.15928.3.0.dta,3,1664.933025,1.000000e+000,1.190539e-001,0.000111,0.066669,1.000000e+000,1.000000e+000
,11,XLpeplib_Beveridge_QEx-HFX_DSS_R3.14308.14308.3.1.dta,3,1664.933651,1.000000e+000,3.305957e-001,0.000737,0.442660,1.000000e+000,1.000000e+000
45,QLKEDYFK(3),1226.630277,null,Cas9(569)/
,1,XLpeplib_Beveridge_QEx-HFX_DSS_R3.17816.17816.2.3.dta,2,1226.630154,1.000000e+000,6.945718e-003,-0.000123,-0.100275,1.000000e+000,1.000000e+000
46,QLLNAKLITQR(6),1453.873617,null,Cas9(894)/
,1,XLpeplib_Beveridge_QEx-HFX_DSS_R3.19032.19032.2.0.dta,2,1453.873691,1.000000e+000,4.407590e-003,0.000074,0.050899,1.000000e+000,1.000000e+000
,2,XLpeplib_Beveridge_QEx-HFX_DSS_R3.27623.27623.2.1.dta,2,1453.872901,1.000000e+000,2.035886e-002,-0.000716,-0.492477,1.000000e+000,1.000000e+000
,3,XLpeplib_Beveridge_QEx-HFX_DSS_R3.27624.27624.2.0.dta,2,1453.872901,1.000000e+000,2.749636e-002,-0.000716,-0.492477,1.000000e+000,1.000000e+000
,4,XLpeplib_Beveridge_QEx-HFX_DSS_R3.19069.19069.2.0.dta,2,1453.873758,1.000000e+000,3.887549e-002,0.000141,0.096982,1.000000e+000,1.000000e+000
,5,XLpeplib_Beveridge_QEx-HFX_DSS_R3.20010.20010.3.1.dta,3,1453.874076,1.000000e+000,4.016598e-002,0.000459,0.315708,1.000000e+000,1.000000e+000
47,QQLPEKYK(6),1189.646261,null,Cas9(350)/
,1,XLpeplib_Beveridge_QEx-HFX_DSS_R3.11926.11926.2.0.dta,2,1189.646589,1.000000e+000,1.225264e-001,0.000328,0.275712,1.000000e+000,1.000000e+000
,2,XLpeplib_Beveridge_QEx-HFX_DSS_R3.15924.15924.2.0.dta,2,1189.646062,1.000000e+000,3.168342e-001,-0.000199,-0.167277,1.000000e+000,1.000000e+000
,3,XLpeplib_Beveridge_QEx-HFX_DSS_R3.19893.19893.2.1.dta,2,1189.651454,1.000000e+000,3.414856e-001,0.005193,4.365163,1.000000e+000,1.000000e+000
48,RNSDKLIAR(5),1228.700750,null,Cas9(1122)/
,1,XLpeplib_Beveridge_QEx-HFX_DSS_R3.7758.7758.3.0.dta,3,1228.700748,1.000000e+000,2.000199e-001,-0.000002,-0.001628,1.000000e+000,1.000000e+000
49,SDNVPSEEVVKK(11),1486.763461,null,Cas9(881)/
,1,XLpeplib_Beveridge_QEx-HFX_DSS_R3.12197.12197.2.0.dta,2,1486.763326,1.000000e+000,5.669570e-004,-0.000135,-0.090801,1.000000e+000,1.000000e+000
,2,XLpeplib_Beveridge_QEx-HFX_DSS_R3.12506.12506.2.0.dta,2,1486.763560,1.000000e+000,8.117387e-004,0.000099,0.066588,1.000000e+000,1.000000e+000
,3,XLpeplib_Beveridge_QEx-HFX_DSS_R3.15957.15957.2.0.dta,2,1486.762709,1.000000e+000,1.012469e-003,-0.000752,-0.505797,1.000000e+000,1.000000e+000
,4,XLpeplib_Beveridge_QEx-HFX_DSS_R3.13161.13161.2.0.dta,2,1486.763192,1.000000e+000,1.323991e-003,-0.000269,-0.180930,1.000000e+000,1.000000e+000
,5,XLpeplib_Beveridge_QEx-HFX_DSS_R3.12047.12047.2.0.dta,2,1486.762658,1.000000e+000,1.376753e-003,-0.000803,-0.540099,1.000000e+000,1.000000e+000
,6,XLpeplib_Beveridge_QEx-HFX_DSS_R3.12751.12751.2.0.dta,2,1486.762299,1.000000e+000,4.484249e-003,-0.001162,-0.781563,1.000000e+000,1.000000e+000
,7,XLpeplib_Beveridge_QEx-HFX_DSS_R3.12870.12870.2.0.dta,2,1486.763485,1.000000e+000,5.627761e-003,0.000024,0.016142,1.000000e+000,1.000000e+000
,8,XLpeplib_Beveridge_QEx-HFX_DSS_R3.12229.12229.3.0.dta,3,1486.763802,1.000000e+000,1.192219e-002,0.000341,0.229357,1.000000e+000,1.000000e+000
,9,XLpeplib_Beveridge_QEx-HFX_DSS_R3.18273.18273.2.0.dta,2,1486.763307,1.000000e+000,6.369293e-002,-0.000154,-0.103581,1.000000e+000,1.000000e+000
,10,XLpeplib_Beveridge_QEx-HFX_DSS_R3.14153.14153.2.0.dta,2,1486.764086,1.000000e+000,8.755186e-002,0.000625,0.420376,1.000000e+000,1.000000e+000
,11,XLpeplib_Beveridge_QEx-HFX_DSS_R3.16781.16781.2.0.dta,2,1486.762853,1.000000e+000,1.224168e-001,-0.000608,-0.408942,1.000000e+000,1.000000e+000
,12,XLpeplib_Beveridge_QEx-HFX_DSS_R3.13730.13730.2.0.dta,2,1486.762778,1.000000e+000,1.461091e-001,-0.000683,-0.459387,1.000000e+000,1.000000e+000
,13,XLpeplib_Beveridge_QEx-HFX_DSS_R3.12062.12062.3.0.dta,3,1486.763474,1.000000e+000,1.636346e-001,0.000013,0.008744,1.000000e+000,1.000000e+000
,14,XLpeplib_Beveridge_QEx-HFX_DSS_R3.13160.13160.3.1.dta,3,1486.764222,1.000000e+000,1.795602e-001,0.000761,0.511850,1.000000e+000,1.000000e+000
,15,XLpeplib_Beveridge_QEx-HFX_DSS_R3.12465.12465.3.0.dta,3,1486.763813,1.000000e+000,1.835603e-001,0.000352,0.236756,1.000000e+000,1.000000e+000
,16,XLpeplib_Beveridge_QEx-HFX_DSS_R3.18366.18366.2.0.dta,2,1486.763030,1.000000e+000,1.944015e-001,-0.000431,-0.289891,1.000000e+000,1.000000e+000
,17,XLpeplib_Beveridge_QEx-HFX_DSS_R3.15978.15978.3.0.dta,3,1486.762437,1.000000e+000,2.229564e-001,-0.001024,-0.688744,1.000000e+000,1.000000e+000
,18,XLpeplib_Beveridge_QEx-HFX_DSS_R3.12021.12021.2.0.dta,2,1486.761621,1.000000e+000,2.484511e-001,-0.001840,-1.237588,1.000000e+000,1.000000e+000
,19,XLpeplib_Beveridge_QEx-HFX_DSS_R3.18511.18511.2.3.dta,2,1486.765663,1.000000e+000,3.074675e-001,0.002202,1.481069,1.000000e+000,1.000000e+000
50,SEQEIGKATAK(7),1317.689574,null,Cas9(1035)/
,1,XLpeplib_Beveridge_QEx-HFX_DSS_R3.13156.13156.2.2.dta,2,1317.686303,1.000000e+000,3.809844e-003,-0.003271,-2.482375,1.000000e+000,1.000000e+000
,2,XLpeplib_Beveridge_QEx-HFX_DSS_R3.9467.9467.3.0.dta,3,1317.689774,1.000000e+000,8.885308e-002,0.000200,0.151781,1.000000e+000,1.000000e+000
,3,XLpeplib_Beveridge_QEx-HFX_DSS_R3.12753.12753.2.0.dta,2,1317.689064,1.000000e+000,2.336276e-001,-0.000510,-0.387041,1.000000e+000,1.000000e+000
51,SKLVSDFR(2),1107.604399,null,Cas9(965)/
,1,XLpeplib_Beveridge_QEx-HFX_DSS_R3.16925.16925.2.2.dta,2,1107.604684,1.000000e+000,2.842599e-003,0.000285,0.257312,1.000000e+000,1.000000e+000
,2,XLpeplib_Beveridge_QEx-HFX_DSS_R3.16604.16604.2.0.dta,2,1107.604366,1.000000e+000,4.981898e-003,-0.000033,-0.029794,1.000000e+000,1.000000e+000
,3,XLpeplib_Beveridge_QEx-HFX_DSS_R3.14639.14639.2.2.dta,2,1107.609367,1.000000e+000,1.071349e-002,0.004968,4.485356,1.000000e+000,1.000000e+000
,4,XLpeplib_Beveridge_QEx-HFX_DSS_R3.17055.17055.2.0.dta,2,1107.604601,1.000000e+000,1.125282e-002,0.000202,0.182376,1.000000e+000,1.000000e+000
,5,XLpeplib_Beveridge_QEx-HFX_DSS_R3.17889.17889.2.0.dta,2,1107.604234,1.000000e+000,1.294738e-002,-0.000165,-0.148970,1.000000e+000,1.000000e+000
,6,XLpeplib_Beveridge_QEx-HFX_DSS_R3.16741.16741.2.0.dta,2,1107.604458,1.000000e+000,1.423829e-002,0.000059,0.053268,1.000000e+000,1.000000e+000
,7,XLpeplib_Beveridge_QEx-HFX_DSS_R3.18429.18429.2.0.dta,2,1107.604401,1.000000e+000,2.021477e-002,0.000002,0.001806,1.000000e+000,1.000000e+000
,8,XLpeplib_Beveridge_QEx-HFX_DSS_R3.16714.16714.2.0.dta,2,1107.604145,1.000000e+000,3.748351e-002,-0.000254,-0.229324,1.000000e+000,1.000000e+000
,9,XLpeplib_Beveridge_QEx-HFX_DSS_R3.17060.17060.2.0.dta,2,1107.604635,1.000000e+000,1.064507e-001,0.000236,0.213072,1.000000e+000,1.000000e+000
52,SNFDLAEDAKLQLSK(10),1834.943200,null,Cas9(267)/
,1,XLpeplib_Beveridge_QEx-HFX_DSS_R3.25555.25555.2.0.dta,2,1834.942582,1.000000e+000,7.490912e-005,-0.000618,-0.336795,1.000000e+000,1.000000e+000
,2,XLpeplib_Beveridge_QEx-HFX_DSS_R3.25319.25319.2.0.dta,2,1834.942457,1.000000e+000,6.086003e-004,-0.000743,-0.404917,1.000000e+000,1.000000e+000
,3,XLpeplib_Beveridge_QEx-HFX_DSS_R3.25467.25467.3.0.dta,3,1834.943798,1.000000e+000,7.092497e-003,0.000598,0.325896,1.000000e+000,1.000000e+000
,4,XLpeplib_Beveridge_QEx-HFX_DSS_R3.25681.25681.2.0.dta,2,1834.942246,1.000000e+000,2.458707e-002,-0.000954,-0.519907,1.000000e+000,1.000000e+000
53,SSFEKNPIDFLEAK(5),1780.900278,null,Cas9(1180)/
,1,XLpeplib_Beveridge_QEx-HFX_DSS_R3.26494.26494.2.0.dta,2,1780.899895,1.000000e+000,2.490818e-004,-0.000383,-0.215060,1.000000e+000,1.000000e+000
,2,XLpeplib_Beveridge_QEx-HFX_DSS_R3.26530.26530.3.0.dta,3,1780.900205,1.000000e+000,3.395645e-003,-0.000073,-0.040991,1.000000e+000,1.000000e+000
,3,XLpeplib_Beveridge_QEx-HFX_DSS_R3.26488.26488.2.0.dta,2,1780.899899,1.000000e+000,3.739153e-003,-0.000379,-0.212814,1.000000e+000,1.000000e+000
,4,XLpeplib_Beveridge_QEx-HFX_DSS_R3.24321.24321.2.1.dta,2,1780.899621,1.000000e+000,4.800467e-003,-0.000657,-0.368915,1.000000e+000,1.000000e+000
,5,XLpeplib_Beveridge_QEx-HFX_DSS_R3.26390.26390.3.0.dta,3,1780.899729,1.000000e+000,9.355512e-003,-0.000549,-0.308271,1.000000e+000,1.000000e+000
,6,XLpeplib_Beveridge_QEx-HFX_DSS_R3.24350.24350.2.2.dta,2,1780.899654,1.000000e+000,1.030232e-002,-0.000624,-0.350385,1.000000e+000,1.000000e+000
,7,XLpeplib_Beveridge_QEx-HFX_DSS_R3.24308.24308.3.0.dta,3,1780.898688,1.000000e+000,1.609945e-002,-0.001590,-0.892807,1.000000e+000,1.000000e+000
,8,XLpeplib_Beveridge_QEx-HFX_DSS_R3.24416.24416.2.4.dta,2,1780.900298,1.000000e+000,9.159447e-002,0.000020,0.011230,1.000000e+000,1.000000e+000
,9,XLpeplib_Beveridge_QEx-HFX_DSS_R3.26226.26226.2.0.dta,2,1780.902233,1.000000e+000,1.690620e-001,0.001955,1.097759,1.000000e+000,1.000000e+000
,10,XLpeplib_Beveridge_QEx-HFX_DSS_R3.26153.26153.2.2.dta,2,1780.905447,1.000000e+000,1.800469e-001,0.005169,2.902465,1.000000e+000,1.000000e+000
,11,XLpeplib_Beveridge_QEx-HFX_DSS_R3.26301.26301.2.2.dta,2,1780.902782,1.000000e+000,2.816230e-001,0.002504,1.406030,1.000000e+000,1.000000e+000
54,SVKELLGITIMER(3),1660.918904,Oxidation[M](11),Cas9(1165)/
,1,XLpeplib_Beveridge_QEx-HFX_DSS_R3.26449.26449.2.0.dta,2,1660.918913,1.000000e+000,3.390479e-004,0.000009,0.005419,1.000000e+000,1.000000e+000
,2,XLpeplib_Beveridge_QEx-HFX_DSS_R3.27889.27889.3.0.dta,3,1644.924472,1.000000e+000,1.804726e-003,0.000482,0.293023,1.000000e+000,1.000000e+000
,3,XLpeplib_Beveridge_QEx-HFX_DSS_R3.27990.27990.3.0.dta,3,1644.924163,1.000000e+000,4.360059e-003,0.000173,0.105172,1.000000e+000,1.000000e+000
,4,XLpeplib_Beveridge_QEx-HFX_DSS_R3.27905.27905.3.0.dta,3,1660.919057,1.000000e+000,6.548170e-003,0.000153,0.092118,1.000000e+000,1.000000e+000
,5,XLpeplib_Beveridge_QEx-HFX_DSS_R3.26718.26718.2.1.dta,2,1660.917401,1.000000e+000,8.689865e-003,-0.001503,-0.904921,1.000000e+000,1.000000e+000
,6,XLpeplib_Beveridge_QEx-HFX_DSS_R3.26379.26379.3.0.dta,3,1660.919547,1.000000e+000,2.001844e-002,0.000643,0.387135,1.000000e+000,1.000000e+000
,7,XLpeplib_Beveridge_QEx-HFX_DSS_R3.26852.26852.2.3.dta,2,1660.918474,1.000000e+000,4.703976e-002,-0.000430,-0.258893,1.000000e+000,1.000000e+000
,8,XLpeplib_Beveridge_QEx-HFX_DSS_R3.27923.27923.3.1.dta,3,1660.919138,1.000000e+000,2.168871e-001,0.000234,0.140886,1.000000e+000,1.000000e+000
55,TEVQTGGFSKESILPK(10),1876.990148,null,Cas9(1111)/
,1,XLpeplib_Beveridge_QEx-HFX_DSS_R3.22241.22241.3.0.dta,3,1876.989379,1.000000e+000,2.680869e-003,-0.000769,-0.409698,1.000000e+000,1.000000e+000
,2,XLpeplib_Beveridge_QEx-HFX_DSS_R3.22072.22072.3.0.dta,3,1876.990378,1.000000e+000,2.408115e-002,0.000230,0.122537,1.000000e+000,1.000000e+000
,3,XLpeplib_Beveridge_QEx-HFX_DSS_R3.25150.25150.2.0.dta,2,1876.989384,1.000000e+000,2.381915e-001,-0.000764,-0.407035,1.000000e+000,1.000000e+000
,4,XLpeplib_Beveridge_QEx-HFX_DSS_R3.22346.22346.2.0.dta,2,1876.988488,1.000000e+000,3.894216e-001,-0.001660,-0.884395,1.000000e+000,1.000000e+000
56,TEVQTGGFSKESILPKRNSDK(10),2477.288091,null,Cas9(1111)/
,1,XLpeplib_Beveridge_QEx-HFX_DSS_R3.13983.13983.3.0.dta,3,2477.287289,1.000000e+000,4.998380e-002,-0.000802,-0.323741,1.000000e+000,1.000000e+000
,2,XLpeplib_Beveridge_QEx-HFX_DSS_R3.13781.13781.3.0.dta,3,2477.287506,1.000000e+000,8.893731e-002,-0.000585,-0.236145,1.000000e+000,1.000000e+000
,3,XLpeplib_Beveridge_QEx-HFX_DSS_R3.13773.13773.3.0.dta,3,2477.287077,1.000000e+000,1.351279e-001,-0.001014,-0.409319,1.000000e+000,1.000000e+000
,4,XLpeplib_Beveridge_QEx-HFX_DSS_R3.14022.14022.4.0.dta,4,2477.289871,1.000000e+000,1.432862e-001,0.001780,0.718528,1.000000e+000,1.000000e+000
,5,XLpeplib_Beveridge_QEx-HFX_DSS_R3.13972.13972.4.1.dta,4,2477.287985,1.000000e+000,1.583749e-001,-0.000106,-0.042789,1.000000e+000,1.000000e+000
,6,XLpeplib_Beveridge_QEx-HFX_DSS_R3.13930.13930.4.0.dta,4,2477.288116,1.000000e+000,2.872526e-001,0.000025,0.010092,1.000000e+000,1.000000e+000
57,TILDFLKSDGFANR(7),1752.916596,null,Cas9(688)/
,1,XLpeplib_Beveridge_QEx-HFX_DSS_R3.29485.29485.3.0.dta,3,1752.916796,1.000000e+000,9.793027e-004,0.000200,0.114096,1.000000e+000,1.000000e+000
,2,XLpeplib_Beveridge_QEx-HFX_DSS_R3.29386.29386.3.0.dta,3,1752.916477,1.000000e+000,7.063051e-003,-0.000119,-0.067887,1.000000e+000,1.000000e+000
,3,XLpeplib_Beveridge_QEx-HFX_DSS_R3.30604.30604.2.0.dta,2,1752.918911,1.000000e+000,1.240369e-002,0.002315,1.320656,1.000000e+000,1.000000e+000
,4,XLpeplib_Beveridge_QEx-HFX_DSS_R3.26474.26474.2.0.dta,2,1752.915467,1.000000e+000,1.506354e-002,-0.001129,-0.644069,1.000000e+000,1.000000e+000
58,TSETKHDTSLKPISVSYNPATAK(11),2631.351079,null,sp|CAH1_HUMAN|(45)/
,1,XLpeplib_Beveridge_QEx-HFX_DSS_R3.19529.19529.4.5.dta,4,2631.345531,1.000000e+000,2.911703e-001,-0.005548,-2.108423,1.000000e+000,1.000000e+000
59,TYAHLFDDKVMK(9),1639.803548,Oxidation[M](11),Cas9(650)/
,1,XLpeplib_Beveridge_QEx-HFX_DSS_R3.17499.17499.3.0.dta,3,1639.803602,1.000000e+000,1.130802e-004,0.000054,0.032931,1.000000e+000,1.000000e+000
,2,XLpeplib_Beveridge_QEx-HFX_DSS_R3.18862.18862.3.0.dta,3,1639.803547,1.000000e+000,1.266952e-004,-0.000001,-0.000610,1.000000e+000,1.000000e+000
,3,XLpeplib_Beveridge_QEx-HFX_DSS_R3.17152.17152.3.0.dta,3,1639.803422,1.000000e+000,1.306145e-004,-0.000126,-0.076838,1.000000e+000,1.000000e+000
,4,XLpeplib_Beveridge_QEx-HFX_DSS_R3.17809.17809.3.0.dta,3,1639.803610,1.000000e+000,1.426834e-004,0.000062,0.037809,1.000000e+000,1.000000e+000
,5,XLpeplib_Beveridge_QEx-HFX_DSS_R3.18170.18170.3.0.dta,3,1639.803579,1.000000e+000,1.675670e-004,0.000031,0.018905,1.000000e+000,1.000000e+000
,6,XLpeplib_Beveridge_QEx-HFX_DSS_R3.16757.16757.3.1.dta,3,1639.802327,1.000000e+000,1.804656e-004,-0.001221,-0.744601,1.000000e+000,1.000000e+000
,7,XLpeplib_Beveridge_QEx-HFX_DSS_R3.17294.17294.3.0.dta,3,1639.803930,1.000000e+000,1.885705e-004,0.000382,0.232955,1.000000e+000,1.000000e+000
,8,XLpeplib_Beveridge_QEx-HFX_DSS_R3.16064.16064.3.1.dta,3,1639.810875,1.000000e+000,1.951221e-004,0.007327,4.468218,1.000000e+000,1.000000e+000
,9,XLpeplib_Beveridge_QEx-HFX_DSS_R3.16956.16956.3.0.dta,3,1639.802930,1.000000e+000,2.035857e-004,-0.000618,-0.376874,1.000000e+000,1.000000e+000
,10,XLpeplib_Beveridge_QEx-HFX_DSS_R3.19048.19048.3.0.dta,3,1639.802978,1.000000e+000,2.211120e-004,-0.000570,-0.347603,1.000000e+000,1.000000e+000
,11,XLpeplib_Beveridge_QEx-HFX_DSS_R3.18355.18355.3.0.dta,3,1639.803564,1.000000e+000,2.431910e-004,0.000016,0.009757,1.000000e+000,1.000000e+000
,12,XLpeplib_Beveridge_QEx-HFX_DSS_R3.17650.17650.3.0.dta,3,1639.803614,1.000000e+000,2.624284e-004,0.000066,0.040249,1.000000e+000,1.000000e+000
,13,XLpeplib_Beveridge_QEx-HFX_DSS_R3.18000.18000.3.0.dta,3,1639.803643,1.000000e+000,2.879373e-004,0.000095,0.057934,1.000000e+000,1.000000e+000
,14,XLpeplib_Beveridge_QEx-HFX_DSS_R3.18501.18501.3.0.dta,3,1639.803726,1.000000e+000,3.810876e-004,0.000178,0.108550,1.000000e+000,1.000000e+000
,15,XLpeplib_Beveridge_QEx-HFX_DSS_R3.19148.19148.3.0.dta,3,1623.809044,1.000000e+000,4.278158e-004,0.000410,0.252493,1.000000e+000,1.000000e+000
,16,XLpeplib_Beveridge_QEx-HFX_DSS_R3.19089.19089.2.0.dta,2,1623.808480,1.000000e+000,4.619509e-004,-0.000154,-0.094839,1.000000e+000,1.000000e+000
,17,XLpeplib_Beveridge_QEx-HFX_DSS_R3.17330.17330.3.0.dta,3,1639.803854,1.000000e+000,4.645299e-004,0.000306,0.186608,1.000000e+000,1.000000e+000
,18,XLpeplib_Beveridge_QEx-HFX_DSS_R3.19469.19469.3.0.dta,3,1623.808736,1.000000e+000,5.354700e-004,0.000102,0.062815,1.000000e+000,1.000000e+000
,19,XLpeplib_Beveridge_QEx-HFX_DSS_R3.18972.18972.3.0.dta,3,1623.809027,1.000000e+000,5.561368e-004,0.000393,0.242024,1.000000e+000,1.000000e+000
,20,XLpeplib_Beveridge_QEx-HFX_DSS_R3.18952.18952.3.0.dta,3,1623.807907,1.000000e+000,6.634987e-004,-0.000727,-0.447713,1.000000e+000,1.000000e+000
,21,XLpeplib_Beveridge_QEx-HFX_DSS_R3.19328.19328.3.0.dta,3,1623.808970,1.000000e+000,6.801003e-004,0.000336,0.206921,1.000000e+000,1.000000e+000
,22,XLpeplib_Beveridge_QEx-HFX_DSS_R3.18281.18281.3.0.dta,3,1639.803735,1.000000e+000,6.986442e-004,0.000187,0.114038,1.000000e+000,1.000000e+000
,23,XLpeplib_Beveridge_QEx-HFX_DSS_R3.19318.19318.3.0.dta,3,1623.808834,1.000000e+000,7.052942e-004,0.000200,0.123167,1.000000e+000,1.000000e+000
,24,XLpeplib_Beveridge_QEx-HFX_DSS_R3.16086.16086.3.0.dta,3,1639.803390,1.000000e+000,7.097271e-004,-0.000158,-0.096353,1.000000e+000,1.000000e+000
,25,XLpeplib_Beveridge_QEx-HFX_DSS_R3.19237.19237.3.0.dta,3,1639.802995,1.000000e+000,7.771032e-004,-0.000553,-0.337236,1.000000e+000,1.000000e+000
,26,XLpeplib_Beveridge_QEx-HFX_DSS_R3.19260.19260.3.0.dta,3,1623.809045,1.000000e+000,8.125096e-004,0.000411,0.253109,1.000000e+000,1.000000e+000
,27,XLpeplib_Beveridge_QEx-HFX_DSS_R3.18422.18422.3.0.dta,3,1623.808828,1.000000e+000,9.110330e-004,0.000194,0.119472,1.000000e+000,1.000000e+000
,28,XLpeplib_Beveridge_QEx-HFX_DSS_R3.16066.16066.3.1.dta,3,1639.810875,1.000000e+000,9.375242e-004,0.007327,4.468218,1.000000e+000,1.000000e+000
,29,XLpeplib_Beveridge_QEx-HFX_DSS_R3.18572.18572.3.0.dta,3,1623.807964,1.000000e+000,1.105093e-003,-0.000670,-0.412610,1.000000e+000,1.000000e+000
,30,XLpeplib_Beveridge_QEx-HFX_DSS_R3.19634.19634.3.0.dta,3,1623.808898,1.000000e+000,1.265098e-003,0.000264,0.162581,1.000000e+000,1.000000e+000
,31,XLpeplib_Beveridge_QEx-HFX_DSS_R3.16530.16530.3.2.dta,3,1639.803516,1.000000e+000,1.349919e-003,-0.000032,-0.019515,1.000000e+000,1.000000e+000
,32,XLpeplib_Beveridge_QEx-HFX_DSS_R3.16915.16915.3.0.dta,3,1639.802792,1.000000e+000,1.883064e-003,-0.000756,-0.461031,1.000000e+000,1.000000e+000
,33,XLpeplib_Beveridge_QEx-HFX_DSS_R3.19975.19975.3.0.dta,3,1623.807924,1.000000e+000,2.228957e-003,-0.000710,-0.437244,1.000000e+000,1.000000e+000
,34,XLpeplib_Beveridge_QEx-HFX_DSS_R3.20028.20028.3.0.dta,3,1639.803950,1.000000e+000,2.523353e-003,0.000402,0.245151,1.000000e+000,1.000000e+000
,35,XLpeplib_Beveridge_QEx-HFX_DSS_R3.18130.18130.3.0.dta,3,1623.808570,1.000000e+000,3.121081e-003,-0.000064,-0.039414,1.000000e+000,1.000000e+000
,36,XLpeplib_Beveridge_QEx-HFX_DSS_R3.18775.18775.3.0.dta,3,1623.808676,1.000000e+000,3.304237e-003,0.000042,0.025865,1.000000e+000,1.000000e+000
,37,XLpeplib_Beveridge_QEx-HFX_DSS_R3.19823.19823.3.0.dta,3,1623.807942,1.000000e+000,4.287520e-003,-0.000692,-0.426159,1.000000e+000,1.000000e+000
,38,XLpeplib_Beveridge_QEx-HFX_DSS_R3.17926.17926.3.0.dta,3,1639.803825,1.000000e+000,7.327910e-003,0.000277,0.168923,1.000000e+000,1.000000e+000
,39,XLpeplib_Beveridge_QEx-HFX_DSS_R3.20592.20592.3.0.dta,3,1623.808201,1.000000e+000,1.796679e-002,-0.000433,-0.266657,1.000000e+000,1.000000e+000
,40,XLpeplib_Beveridge_QEx-HFX_DSS_R3.21749.21749.3.0.dta,3,1623.808898,1.000000e+000,1.850602e-002,0.000264,0.162581,1.000000e+000,1.000000e+000
,41,XLpeplib_Beveridge_QEx-HFX_DSS_R3.21088.21088.2.1.dta,2,1639.803964,1.000000e+000,2.256438e-002,0.000416,0.253689,1.000000e+000,1.000000e+000
,42,XLpeplib_Beveridge_QEx-HFX_DSS_R3.21255.21255.2.0.dta,2,1639.802999,1.000000e+000,2.542422e-002,-0.000549,-0.334796,1.000000e+000,1.000000e+000
,43,XLpeplib_Beveridge_QEx-HFX_DSS_R3.22783.22783.3.1.dta,3,1623.808491,1.000000e+000,2.961764e-002,-0.000143,-0.088065,1.000000e+000,1.000000e+000
,44,XLpeplib_Beveridge_QEx-HFX_DSS_R3.21352.21352.2.0.dta,2,1639.803245,1.000000e+000,3.964950e-002,-0.000303,-0.184778,1.000000e+000,1.000000e+000
,45,XLpeplib_Beveridge_QEx-HFX_DSS_R3.21597.21597.3.0.dta,3,1623.809125,1.000000e+000,5.634006e-002,0.000491,0.302376,1.000000e+000,1.000000e+000
,46,XLpeplib_Beveridge_QEx-HFX_DSS_R3.22629.22629.3.1.dta,3,1623.807245,1.000000e+000,6.393847e-002,-0.001389,-0.855396,1.000000e+000,1.000000e+000
,47,XLpeplib_Beveridge_QEx-HFX_DSS_R3.20729.20729.3.0.dta,3,1623.808291,1.000000e+000,6.980881e-002,-0.000343,-0.211232,1.000000e+000,1.000000e+000
,48,XLpeplib_Beveridge_QEx-HFX_DSS_R3.17843.17843.2.0.dta,2,1639.804061,1.000000e+000,8.338111e-002,0.000513,0.312842,1.000000e+000,1.000000e+000
,49,XLpeplib_Beveridge_QEx-HFX_DSS_R3.21916.21916.3.1.dta,3,1623.809235,1.000000e+000,1.010838e-001,0.000601,0.370118,1.000000e+000,1.000000e+000
,50,XLpeplib_Beveridge_QEx-HFX_DSS_R3.23219.23219.2.4.dta,2,1623.801295,1.000000e+000,1.147951e-001,-0.007339,-4.519621,1.000000e+000,1.000000e+000
,51,XLpeplib_Beveridge_QEx-HFX_DSS_R3.19891.19891.2.0.dta,2,1639.803108,1.000000e+000,1.197194e-001,-0.000440,-0.268325,1.000000e+000,1.000000e+000
,52,XLpeplib_Beveridge_QEx-HFX_DSS_R3.21013.21013.2.0.dta,2,1639.802984,1.000000e+000,1.234292e-001,-0.000564,-0.343944,1.000000e+000,1.000000e+000
,53,XLpeplib_Beveridge_QEx-HFX_DSS_R3.17080.17080.2.0.dta,2,1639.803998,1.000000e+000,1.297998e-001,0.000450,0.274423,1.000000e+000,1.000000e+000
,54,XLpeplib_Beveridge_QEx-HFX_DSS_R3.20431.20431.2.0.dta,2,1639.803376,1.000000e+000,1.412823e-001,-0.000172,-0.104891,1.000000e+000,1.000000e+000
,55,XLpeplib_Beveridge_QEx-HFX_DSS_R3.18685.18685.3.3.dta,3,1639.803875,1.000000e+000,1.497797e-001,0.000327,0.199414,1.000000e+000,1.000000e+000
,56,XLpeplib_Beveridge_QEx-HFX_DSS_R3.22094.22094.3.0.dta,3,1623.809164,1.000000e+000,1.589622e-001,0.000530,0.326393,1.000000e+000,1.000000e+000
,57,XLpeplib_Beveridge_QEx-HFX_DSS_R3.20709.20709.2.0.dta,2,1639.803410,1.000000e+000,1.785768e-001,-0.000138,-0.084156,1.000000e+000,1.000000e+000
,58,XLpeplib_Beveridge_QEx-HFX_DSS_R3.20856.20856.2.1.dta,2,1639.803002,1.000000e+000,1.839022e-001,-0.000546,-0.332967,1.000000e+000,1.000000e+000
,59,XLpeplib_Beveridge_QEx-HFX_DSS_R3.19729.19729.3.0.dta,3,1639.803678,1.000000e+000,1.949078e-001,0.000130,0.079278,1.000000e+000,1.000000e+000
,60,XLpeplib_Beveridge_QEx-HFX_DSS_R3.16113.16113.3.0.dta,3,1623.808244,1.000000e+000,2.414164e-001,-0.000390,-0.240176,1.000000e+000,1.000000e+000
,61,XLpeplib_Beveridge_QEx-HFX_DSS_R3.21844.21844.2.0.dta,2,1639.803176,1.000000e+000,2.589065e-001,-0.000372,-0.226856,1.000000e+000,1.000000e+000
,62,XLpeplib_Beveridge_QEx-HFX_DSS_R3.21833.21833.2.0.dta,2,1639.803313,1.000000e+000,2.905111e-001,-0.000235,-0.143310,1.000000e+000,1.000000e+000
,63,XLpeplib_Beveridge_QEx-HFX_DSS_R3.21027.21027.2.0.dta,2,1623.807497,1.000000e+000,3.913364e-001,-0.001137,-0.700206,1.000000e+000,1.000000e+000
,64,XLpeplib_Beveridge_QEx-HFX_DSS_R3.23677.23677.3.1.dta,3,1639.802497,1.000000e+000,4.033076e-001,-0.001051,-0.640930,1.000000e+000,1.000000e+000
60,VITLKSK(5),944.602613,null,Cas9(963)/
,1,XLpeplib_Beveridge_QEx-HFX_DSS_R3.13070.13070.2.0.dta,2,944.602782,1.000000e+000,1.224576e-001,0.000169,0.178911,1.000000e+000,1.000000e+000
61,VKYVTEGMR(2),1254.639792,Oxidation[M](8),Cas9(532)/
,1,XLpeplib_Beveridge_QEx-HFX_DSS_R3.13696.13696.2.0.dta,2,1254.639098,1.000000e+000,4.672728e-004,-0.000694,-0.553147,1.000000e+000,1.000000e+000
,2,XLpeplib_Beveridge_QEx-HFX_DSS_R3.13771.13771.2.0.dta,2,1238.644976,1.000000e+000,5.935235e-004,0.000098,0.079119,1.000000e+000,1.000000e+000
,3,XLpeplib_Beveridge_QEx-HFX_DSS_R3.10783.10783.2.0.dta,2,1254.638742,1.000000e+000,1.200315e-003,-0.001050,-0.836894,1.000000e+000,1.000000e+000
,4,XLpeplib_Beveridge_QEx-HFX_DSS_R3.12067.12067.2.0.dta,2,1254.640047,1.000000e+000,1.490101e-003,0.000255,0.203246,1.000000e+000,1.000000e+000
,5,XLpeplib_Beveridge_QEx-HFX_DSS_R3.13823.13823.2.0.dta,2,1238.644699,1.000000e+000,2.399698e-003,-0.000179,-0.144513,1.000000e+000,1.000000e+000
,6,XLpeplib_Beveridge_QEx-HFX_DSS_R3.12474.12474.2.1.dta,2,1254.639904,1.000000e+000,2.573478e-003,0.000112,0.089269,1.000000e+000,1.000000e+000
,7,XLpeplib_Beveridge_QEx-HFX_DSS_R3.13838.13838.2.0.dta,2,1238.644558,1.000000e+000,3.652006e-003,-0.000320,-0.258347,1.000000e+000,1.000000e+000
,8,XLpeplib_Beveridge_QEx-HFX_DSS_R3.11090.11090.2.0.dta,2,1254.638843,1.000000e+000,6.452335e-003,-0.000949,-0.756392,1.000000e+000,1.000000e+000
,9,XLpeplib_Beveridge_QEx-HFX_DSS_R3.12830.12830.2.1.dta,2,1254.640412,1.000000e+000,1.235259e-002,0.000620,0.494166,1.000000e+000,1.000000e+000
,10,XLpeplib_Beveridge_QEx-HFX_DSS_R3.13657.13657.2.0.dta,2,1238.644670,1.000000e+000,2.367236e-002,-0.000208,-0.167925,1.000000e+000,1.000000e+000
,11,XLpeplib_Beveridge_QEx-HFX_DSS_R3.14221.14221.2.3.dta,2,1238.645590,1.000000e+000,2.648486e-002,0.000712,0.574822,1.000000e+000,1.000000e+000
,12,XLpeplib_Beveridge_QEx-HFX_DSS_R3.11206.11206.2.1.dta,2,1254.639250,1.000000e+000,9.698612e-002,-0.000542,-0.431997,1.000000e+000,1.000000e+000
,13,XLpeplib_Beveridge_QEx-HFX_DSS_R3.13251.13251.2.1.dta,2,1254.639881,1.000000e+000,4.274091e-001,0.000089,0.070937,1.000000e+000,1.000000e+000
62,VLSAYNKHR(7),1243.679289,null,Cas9(1300)/
,1,XLpeplib_Beveridge_QEx-HFX_DSS_R3.8333.8333.3.0.dta,3,1243.679000,1.000000e+000,3.364184e-003,-0.000289,-0.232375,1.000000e+000,1.000000e+000
,2,XLpeplib_Beveridge_QEx-HFX_DSS_R3.8448.8448.3.0.dta,3,1243.679110,1.000000e+000,3.816871e-003,-0.000179,-0.143928,1.000000e+000,1.000000e+000
,3,XLpeplib_Beveridge_QEx-HFX_DSS_R3.8531.8531.3.0.dta,3,1243.678936,1.000000e+000,4.231535e-003,-0.000353,-0.283835,1.000000e+000,1.000000e+000
,4,XLpeplib_Beveridge_QEx-HFX_DSS_R3.8539.8539.3.0.dta,3,1243.678777,1.000000e+000,4.366358e-003,-0.000512,-0.411682,1.000000e+000,1.000000e+000
,5,XLpeplib_Beveridge_QEx-HFX_DSS_R3.8688.8688.3.0.dta,3,1243.679333,1.000000e+000,5.044548e-003,0.000044,0.035379,1.000000e+000,1.000000e+000
,6,XLpeplib_Beveridge_QEx-HFX_DSS_R3.8691.8691.3.0.dta,3,1243.679355,1.000000e+000,6.354735e-003,0.000066,0.053068,1.000000e+000,1.000000e+000
,7,XLpeplib_Beveridge_QEx-HFX_DSS_R3.8538.8538.3.0.dta,3,1243.678777,1.000000e+000,8.616009e-003,-0.000512,-0.411682,1.000000e+000,1.000000e+000
,8,XLpeplib_Beveridge_QEx-HFX_DSS_R3.8575.8575.3.0.dta,3,1243.679068,1.000000e+000,9.641025e-003,-0.000221,-0.177699,1.000000e+000,1.000000e+000
,9,XLpeplib_Beveridge_QEx-HFX_DSS_R3.8576.8576.2.0.dta,2,1243.679106,1.000000e+000,1.105222e-002,-0.000183,-0.147144,1.000000e+000,1.000000e+000
,10,XLpeplib_Beveridge_QEx-HFX_DSS_R3.8560.8560.3.0.dta,3,1243.679232,1.000000e+000,1.234917e-002,-0.000057,-0.045832,1.000000e+000,1.000000e+000
,11,XLpeplib_Beveridge_QEx-HFX_DSS_R3.11155.11155.2.2.dta,2,1243.677546,1.000000e+000,1.373565e-002,-0.001743,-1.401487,1.000000e+000,1.000000e+000
,12,XLpeplib_Beveridge_QEx-HFX_DSS_R3.9148.9148.3.0.dta,3,1243.679435,1.000000e+000,2.096219e-002,0.000146,0.117394,1.000000e+000,1.000000e+000
,13,XLpeplib_Beveridge_QEx-HFX_DSS_R3.8800.8800.3.0.dta,3,1243.679075,1.000000e+000,2.272017e-002,-0.000214,-0.172070,1.000000e+000,1.000000e+000
,14,XLpeplib_Beveridge_QEx-HFX_DSS_R3.8187.8187.3.0.dta,3,1243.679174,1.000000e+000,2.620348e-002,-0.000115,-0.092468,1.000000e+000,1.000000e+000
,15,XLpeplib_Beveridge_QEx-HFX_DSS_R3.8913.8913.3.0.dta,3,1243.679242,1.000000e+000,2.644982e-002,-0.000047,-0.037791,1.000000e+000,1.000000e+000
,16,XLpeplib_Beveridge_QEx-HFX_DSS_R3.9833.9833.3.1.dta,3,1243.678604,1.000000e+000,3.066376e-002,-0.000685,-0.550785,1.000000e+000,1.000000e+000
,17,XLpeplib_Beveridge_QEx-HFX_DSS_R3.9282.9282.3.0.dta,3,1243.679337,1.000000e+000,3.204576e-002,0.000048,0.038595,1.000000e+000,1.000000e+000
,18,XLpeplib_Beveridge_QEx-HFX_DSS_R3.9028.9028.3.0.dta,3,1243.679511,1.000000e+000,4.268357e-002,0.000222,0.178503,1.000000e+000,1.000000e+000
,19,XLpeplib_Beveridge_QEx-HFX_DSS_R3.9679.9679.3.1.dta,3,1243.679011,1.000000e+000,5.748976e-002,-0.000278,-0.223530,1.000000e+000,1.000000e+000
,20,XLpeplib_Beveridge_QEx-HFX_DSS_R3.7538.7538.3.0.dta,3,1243.678920,1.000000e+000,1.761809e-001,-0.000369,-0.296700,1.000000e+000,1.000000e+000
,21,XLpeplib_Beveridge_QEx-HFX_DSS_R3.7954.7954.3.0.dta,3,1243.678472,1.000000e+000,2.516126e-001,-0.000817,-0.656922,1.000000e+000,1.000000e+000
63,VMKQLK(3),918.532821,Oxidation[M](2),Cas9(653)/
,1,XLpeplib_Beveridge_QEx-HFX_DSS_R3.8712.8712.2.0.dta,2,918.532675,1.000000e+000,2.989635e-003,-0.000146,-0.158949,1.000000e+000,1.000000e+000
64,VNTEITKAPLSASMIK(7),1875.014251,Oxidation[M](14),Cas9(318)/
,1,XLpeplib_Beveridge_QEx-HFX_DSS_R3.21120.21120.3.0.dta,3,1875.014966,1.000000e+000,2.676247e-003,0.000715,0.381330,1.000000e+000,1.000000e+000
,2,XLpeplib_Beveridge_QEx-HFX_DSS_R3.21176.21176.3.0.dta,3,1859.019469,1.000000e+000,4.055813e-003,0.000132,0.071005,1.000000e+000,1.000000e+000
,3,XLpeplib_Beveridge_QEx-HFX_DSS_R3.21040.21040.3.0.dta,3,1875.014895,1.000000e+000,5.859933e-003,0.000644,0.343464,1.000000e+000,1.000000e+000
,4,XLpeplib_Beveridge_QEx-HFX_DSS_R3.21010.21010.3.0.dta,3,1859.019275,1.000000e+000,2.961046e-002,-0.000062,-0.033351,1.000000e+000,1.000000e+000
,5,XLpeplib_Beveridge_QEx-HFX_DSS_R3.21237.21237.3.1.dta,3,1859.019870,1.000000e+000,4.249152e-002,0.000533,0.286710,1.000000e+000,1.000000e+000
,6,XLpeplib_Beveridge_QEx-HFX_DSS_R3.18297.18297.3.1.dta,3,1875.014303,1.000000e+000,5.006744e-002,0.000052,0.027733,1.000000e+000,1.000000e+000
,7,XLpeplib_Beveridge_QEx-HFX_DSS_R3.24711.24711.3.0.dta,3,1859.019182,1.000000e+000,3.930687e-001,-0.000155,-0.083377,1.000000e+000,1.000000e+000
65,VRKSLK(3),886.571983,null,sp|CRP_HUMAN|(137)/
,1,XLpeplib_Beveridge_QEx-HFX_DSS_R3.16800.16800.2.2.dta,2,886.568985,1.000000e+000,3.611981e-001,-0.002998,-3.381564,1.000000e+000,1.000000e+000
66,VVDELVKVMGR(7),1416.776609,Oxidation[M](9),Cas9(753)/
,1,XLpeplib_Beveridge_QEx-HFX_DSS_R3.17673.17673.2.0.dta,2,1416.776152,1.000000e+000,3.201781e-006,-0.000457,-0.322563,1.000000e+000,1.000000e+000
,2,XLpeplib_Beveridge_QEx-HFX_DSS_R3.22607.22607.2.0.dta,2,1400.781497,1.000000e+000,7.199441e-006,-0.000198,-0.141350,1.000000e+000,1.000000e+000
,3,XLpeplib_Beveridge_QEx-HFX_DSS_R3.22339.22339.2.0.dta,2,1416.775736,1.000000e+000,1.217395e-005,-0.000873,-0.616187,1.000000e+000,1.000000e+000
,4,XLpeplib_Beveridge_QEx-HFX_DSS_R3.17738.17738.2.0.dta,2,1416.775431,1.000000e+000,1.389177e-005,-0.001178,-0.831465,1.000000e+000,1.000000e+000
,5,XLpeplib_Beveridge_QEx-HFX_DSS_R3.17512.17512.2.0.dta,2,1416.775132,1.000000e+000,2.038277e-005,-0.001477,-1.042507,1.000000e+000,1.000000e+000
,6,XLpeplib_Beveridge_QEx-HFX_DSS_R3.21675.21675.2.0.dta,2,1416.776528,1.000000e+000,2.674062e-005,-0.000081,-0.057172,1.000000e+000,1.000000e+000
,7,XLpeplib_Beveridge_QEx-HFX_DSS_R3.21239.21239.2.0.dta,2,1416.776872,1.000000e+000,3.597321e-005,0.000263,0.185633,1.000000e+000,1.000000e+000
,8,XLpeplib_Beveridge_QEx-HFX_DSS_R3.17955.17955.2.3.dta,2,1416.772658,1.000000e+000,4.106555e-005,-0.003951,-2.788725,1.000000e+000,1.000000e+000
,9,XLpeplib_Beveridge_QEx-HFX_DSS_R3.17832.17832.2.3.dta,2,1416.773352,1.000000e+000,4.413117e-005,-0.003257,-2.298880,1.000000e+000,1.000000e+000
,10,XLpeplib_Beveridge_QEx-HFX_DSS_R3.22098.22098.2.0.dta,2,1416.776652,1.000000e+000,4.947171e-005,0.000043,0.030351,1.000000e+000,1.000000e+000
,11,XLpeplib_Beveridge_QEx-HFX_DSS_R3.17978.17978.2.0.dta,2,1416.772490,1.000000e+000,6.459041e-005,-0.004119,-2.907304,1.000000e+000,1.000000e+000
,12,XLpeplib_Beveridge_QEx-HFX_DSS_R3.19769.19769.2.0.dta,2,1416.775047,1.000000e+000,6.888729e-005,-0.001562,-1.102503,1.000000e+000,1.000000e+000
,13,XLpeplib_Beveridge_QEx-HFX_DSS_R3.22313.22313.2.0.dta,2,1416.776752,1.000000e+000,6.995419e-005,0.000143,0.100933,1.000000e+000,1.000000e+000
,14,XLpeplib_Beveridge_QEx-HFX_DSS_R3.22653.22653.2.0.dta,2,1400.781645,1.000000e+000,1.588121e-004,-0.000050,-0.035694,1.000000e+000,1.000000e+000
,15,XLpeplib_Beveridge_QEx-HFX_DSS_R3.21388.21388.2.1.dta,2,1416.776761,1.000000e+000,1.722468e-004,0.000152,0.107286,1.000000e+000,1.000000e+000
,16,XLpeplib_Beveridge_QEx-HFX_DSS_R3.22944.22944.2.1.dta,2,1400.781640,1.000000e+000,2.408392e-004,-0.000055,-0.039264,1.000000e+000,1.000000e+000
,17,XLpeplib_Beveridge_QEx-HFX_DSS_R3.17848.17848.2.1.dta,2,1416.774521,1.000000e+000,3.413366e-004,-0.002088,-1.473768,1.000000e+000,1.000000e+000
,18,XLpeplib_Beveridge_QEx-HFX_DSS_R3.18295.18295.2.1.dta,2,1416.773540,1.000000e+000,3.527141e-004,-0.003069,-2.166185,1.000000e+000,1.000000e+000
,19,XLpeplib_Beveridge_QEx-HFX_DSS_R3.19544.19544.2.0.dta,2,1416.774960,1.000000e+000,4.320876e-004,-0.001649,-1.163910,1.000000e+000,1.000000e+000
,20,XLpeplib_Beveridge_QEx-HFX_DSS_R3.20254.20254.2.1.dta,2,1416.774968,1.000000e+000,4.332640e-004,-0.001641,-1.158263,1.000000e+000,1.000000e+000
,21,XLpeplib_Beveridge_QEx-HFX_DSS_R3.19362.19362.2.0.dta,2,1416.774111,1.000000e+000,5.596328e-004,-0.002498,-1.763157,1.000000e+000,1.000000e+000
,22,XLpeplib_Beveridge_QEx-HFX_DSS_R3.19227.19227.2.1.dta,2,1416.773666,1.000000e+000,8.014630e-004,-0.002943,-2.077251,1.000000e+000,1.000000e+000
,23,XLpeplib_Beveridge_QEx-HFX_DSS_R3.19203.19203.2.0.dta,2,1416.773852,1.000000e+000,8.762434e-004,-0.002757,-1.945967,1.000000e+000,1.000000e+000
,24,XLpeplib_Beveridge_QEx-HFX_DSS_R3.18806.18806.2.1.dta,2,1416.774071,1.000000e+000,8.813799e-004,-0.002538,-1.791390,1.000000e+000,1.000000e+000
,25,XLpeplib_Beveridge_QEx-HFX_DSS_R3.18989.18989.2.0.dta,2,1416.777000,1.000000e+000,9.375711e-004,0.000391,0.275979,1.000000e+000,1.000000e+000
,26,XLpeplib_Beveridge_QEx-HFX_DSS_R3.22480.22480.3.0.dta,3,1400.782077,1.000000e+000,1.037545e-003,0.000382,0.272705,1.000000e+000,1.000000e+000
,27,XLpeplib_Beveridge_QEx-HFX_DSS_R3.18835.18835.2.1.dta,2,1416.774009,1.000000e+000,1.058874e-003,-0.002600,-1.835152,1.000000e+000,1.000000e+000
,28,XLpeplib_Beveridge_QEx-HFX_DSS_R3.22075.22075.2.0.dta,2,1416.776301,1.000000e+000,1.121339e-003,-0.000308,-0.217395,1.000000e+000,1.000000e+000
,29,XLpeplib_Beveridge_QEx-HFX_DSS_R3.22318.22318.3.0.dta,3,1400.781910,1.000000e+000,1.566334e-003,0.000215,0.153486,1.000000e+000,1.000000e+000
,30,XLpeplib_Beveridge_QEx-HFX_DSS_R3.20722.20722.2.1.dta,2,1416.774583,1.000000e+000,2.157038e-003,-0.002026,-1.430007,1.000000e+000,1.000000e+000
,31,XLpeplib_Beveridge_QEx-HFX_DSS_R3.19732.19732.2.1.dta,2,1416.774673,1.000000e+000,2.467867e-003,-0.001936,-1.366482,1.000000e+000,1.000000e+000
,32,XLpeplib_Beveridge_QEx-HFX_DSS_R3.17662.17662.3.0.dta,3,1416.776090,1.000000e+000,4.478984e-003,-0.000519,-0.366325,1.000000e+000,1.000000e+000
,33,XLpeplib_Beveridge_QEx-HFX_DSS_R3.22115.22115.3.0.dta,3,1400.781353,1.000000e+000,8.057514e-003,-0.000342,-0.244149,1.000000e+000,1.000000e+000
,34,XLpeplib_Beveridge_QEx-HFX_DSS_R3.18451.18451.2.1.dta,2,1416.773594,1.000000e+000,8.449271e-003,-0.003015,-2.128070,1.000000e+000,1.000000e+000
,35,XLpeplib_Beveridge_QEx-HFX_DSS_R3.22389.22389.3.0.dta,3,1416.776361,1.000000e+000,1.716819e-002,-0.000248,-0.175045,1.000000e+000,1.000000e+000
,36,XLpeplib_Beveridge_QEx-HFX_DSS_R3.20495.20495.3.1.dta,3,1416.783594,1.000000e+000,1.835262e-002,0.006985,4.930206,1.000000e+000,1.000000e+000
,37,XLpeplib_Beveridge_QEx-HFX_DSS_R3.17508.17508.3.0.dta,3,1416.776424,1.000000e+000,2.168905e-002,-0.000185,-0.130578,1.000000e+000,1.000000e+000
,38,XLpeplib_Beveridge_QEx-HFX_DSS_R3.20245.20245.2.1.dta,2,1416.774221,1.000000e+000,2.211772e-002,-0.002388,-1.685516,1.000000e+000,1.000000e+000
,39,XLpeplib_Beveridge_QEx-HFX_DSS_R3.18993.18993.2.0.dta,2,1416.776527,1.000000e+000,2.507009e-002,-0.000082,-0.057878,1.000000e+000,1.000000e+000
,40,XLpeplib_Beveridge_QEx-HFX_DSS_R3.21189.21189.2.1.dta,2,1416.776598,1.000000e+000,2.559226e-002,-0.000011,-0.007764,1.000000e+000,1.000000e+000
,41,XLpeplib_Beveridge_QEx-HFX_DSS_R3.18802.18802.3.1.dta,3,1416.776027,1.000000e+000,2.960643e-002,-0.000582,-0.410792,1.000000e+000,1.000000e+000
,42,XLpeplib_Beveridge_QEx-HFX_DSS_R3.21023.21023.2.0.dta,2,1416.776513,1.000000e+000,3.178868e-002,-0.000096,-0.067759,1.000000e+000,1.000000e+000
,43,XLpeplib_Beveridge_QEx-HFX_DSS_R3.17597.17597.3.0.dta,3,1416.776240,1.000000e+000,3.343743e-002,-0.000369,-0.260450,1.000000e+000,1.000000e+000
,44,XLpeplib_Beveridge_QEx-HFX_DSS_R3.19602.19602.2.0.dta,2,1416.775166,1.000000e+000,3.481169e-002,-0.001443,-1.018509,1.000000e+000,1.000000e+000
,45,XLpeplib_Beveridge_QEx-HFX_DSS_R3.20230.20230.2.1.dta,2,1416.774260,1.000000e+000,3.558629e-002,-0.002349,-1.657989,1.000000e+000,1.000000e+000
,46,XLpeplib_Beveridge_QEx-HFX_DSS_R3.19635.19635.3.0.dta,3,1416.776289,1.000000e+000,4.431352e-002,-0.000320,-0.225865,1.000000e+000,1.000000e+000
,47,XLpeplib_Beveridge_QEx-HFX_DSS_R3.18614.18614.2.2.dta,2,1416.773328,1.000000e+000,6.618342e-002,-0.003281,-2.315820,1.000000e+000,1.000000e+000
,48,XLpeplib_Beveridge_QEx-HFX_DSS_R3.20870.20870.2.1.dta,2,1416.776146,1.000000e+000,9.108487e-002,-0.000463,-0.326798,1.000000e+000,1.000000e+000
,49,XLpeplib_Beveridge_QEx-HFX_DSS_R3.20426.20426.2.1.dta,2,1416.774103,1.000000e+000,1.551928e-001,-0.002506,-1.768804,1.000000e+000,1.000000e+000
,50,XLpeplib_Beveridge_QEx-HFX_DSS_R3.19039.19039.2.0.dta,2,1416.773933,1.000000e+000,1.683341e-001,-0.002676,-1.888795,1.000000e+000,1.000000e+000
,51,XLpeplib_Beveridge_QEx-HFX_DSS_R3.21454.21454.2.1.dta,2,1416.776130,1.000000e+000,1.703004e-001,-0.000479,-0.338091,1.000000e+000,1.000000e+000
,52,XLpeplib_Beveridge_QEx-HFX_DSS_R3.21461.21461.2.1.dta,2,1416.775931,1.000000e+000,1.915903e-001,-0.000678,-0.478551,1.000000e+000,1.000000e+000
,53,XLpeplib_Beveridge_QEx-HFX_DSS_R3.21340.21340.2.2.dta,2,1416.777320,1.000000e+000,2.507061e-001,0.000711,0.501843,1.000000e+000,1.000000e+000
,54,XLpeplib_Beveridge_QEx-HFX_DSS_R3.22227.22227.2.1.dta,2,1400.781823,1.000000e+000,4.472389e-001,0.000128,0.091378,1.000000e+000,1.000000e+000
67,YDEHHQDLTLLKALVR(12),2107.118131,null,Cas9(340)/
,1,XLpeplib_Beveridge_QEx-HFX_DSS_R3.23489.23489.3.0.dta,3,2107.117806,1.000000e+000,3.130139e-004,-0.000325,-0.154239,1.000000e+000,1.000000e+000
,2,XLpeplib_Beveridge_QEx-HFX_DSS_R3.23613.23613.3.0.dta,3,2107.117930,1.000000e+000,1.493408e-003,-0.000201,-0.095391,1.000000e+000,1.000000e+000
,3,XLpeplib_Beveridge_QEx-HFX_DSS_R3.23772.23772.3.0.dta,3,2107.118947,1.000000e+000,3.318065e-003,0.000816,0.387259,1.000000e+000,1.000000e+000
,4,XLpeplib_Beveridge_QEx-HFX_DSS_R3.23359.23359.3.4.dta,3,2107.118494,1.000000e+000,5.182148e-003,0.000363,0.172273,1.000000e+000,1.000000e+000
,5,XLpeplib_Beveridge_QEx-HFX_DSS_R3.23496.23496.4.0.dta,4,2107.118386,1.000000e+000,5.554704e-003,0.000255,0.121018,1.000000e+000,1.000000e+000
,6,XLpeplib_Beveridge_QEx-HFX_DSS_R3.23362.23362.4.3.dta,4,2107.117616,1.000000e+000,7.978772e-003,-0.000515,-0.244410,1.000000e+000,1.000000e+000
,7,XLpeplib_Beveridge_QEx-HFX_DSS_R3.23932.23932.3.0.dta,3,2107.117486,1.000000e+000,1.049278e-002,-0.000645,-0.306105,1.000000e+000,1.000000e+000
,8,XLpeplib_Beveridge_QEx-HFX_DSS_R3.23619.23619.4.0.dta,4,2107.117837,1.000000e+000,1.217249e-002,-0.000294,-0.139527,1.000000e+000,1.000000e+000
,9,XLpeplib_Beveridge_QEx-HFX_DSS_R3.24135.24135.3.1.dta,3,2107.120007,1.000000e+000,1.232432e-002,0.001876,0.890316,1.000000e+000,1.000000e+000
,10,XLpeplib_Beveridge_QEx-HFX_DSS_R3.23436.23436.4.0.dta,4,2107.118592,1.000000e+000,1.263923e-002,0.000461,0.218782,1.000000e+000,1.000000e+000
,11,XLpeplib_Beveridge_QEx-HFX_DSS_R3.23982.23982.4.0.dta,4,2107.118308,1.000000e+000,3.449490e-002,0.000177,0.084001,1.000000e+000,1.000000e+000
,12,XLpeplib_Beveridge_QEx-HFX_DSS_R3.23785.23785.4.0.dta,4,2107.117798,1.000000e+000,6.939759e-002,-0.000333,-0.158036,1.000000e+000,1.000000e+000
,13,XLpeplib_Beveridge_QEx-HFX_DSS_R3.22052.22052.3.1.dta,3,2107.115062,1.000000e+000,2.252970e-001,-0.003069,-1.456492,1.000000e+000,1.000000e+000
,14,XLpeplib_Beveridge_QEx-HFX_DSS_R3.22227.22227.3.2.dta,3,2107.115212,1.000000e+000,2.586015e-001,-0.002919,-1.385304,1.000000e+000,1.000000e+000
68,YDENDKLIR(6),1321.663362,null,Cas9(952)/
,1,XLpeplib_Beveridge_QEx-HFX_DSS_R3.17759.17759.2.1.dta,2,1321.664843,1.000000e+000,3.835166e-003,0.001481,1.120558,1.000000e+000,1.000000e+000
,2,XLpeplib_Beveridge_QEx-HFX_DSS_R3.13829.13829.2.1.dta,2,1321.660311,1.000000e+000,3.087610e-002,-0.003051,-2.308455,1.000000e+000,1.000000e+000
,3,XLpeplib_Beveridge_QEx-HFX_DSS_R3.13818.13818.2.1.dta,2,1321.659864,1.000000e+000,1.673996e-001,-0.003498,-2.646665,1.000000e+000,1.000000e+000
,4,XLpeplib_Beveridge_QEx-HFX_DSS_R3.14492.14492.2.0.dta,2,1321.661922,1.000000e+000,2.693647e-001,-0.001440,-1.089536,1.000000e+000,1.000000e+000
