-0.000641,-0.452435,23.0125,2,1
-0.003146,-2.22053,22.2847,2,1
-2.1e-005,-0.0148224,21.6671,2,1
-0.003331,-2.35111,21.1323,2,1
-0.000383,-0.233565,20.5446,2,1
-0.002654,-1.87327,20.4397,2,1
0.000322,0.196365,20.2602,2,1
-0.000357,-0.254858,20.1603,2,1
2.8e-005,0.0170752,19.729,2,1
-0.000176,-0.10733,19.6291,2,1
-0.000384,-0.234174,19.4764,2,1
0.000231,0.140871,19.3597,2,1
-0.000834,-0.66951,19.2089,2,1
-3.3e-005,-0.0201244,19.0535,2,1
0.000338,0.243388,19.0099,2,1
0.000207,0.0863865,19.0089,2,3
0.000168,0.134865,18.9686,2,1
-0.000175,-0.12493,18.832,2,1
-0.000425,-0.259177,18.7772,2,1
-0.000265,-0.18918,18.6653,2,1
0.000188,0.114648,18.664,2,1
0.000617,0.435496,18.3354,2,1
-6e-005,-0.0365897,18.3281,2,1
-3.4e-005,-0.0276492,18.2403,2,1
-0.000581,-0.466409,17.9958,2,1
0.000185,0.112818,17.9738,2,1
0.000275,0.169355,17.9396,2,1
-0.000123,-0.0987407,17.9376,2,1
0.000243,0.149648,17.6534,2,1
-0.000485,-0.264313,17.6018,2,1
0.000151,0.0920842,17.5408,2,1
0.000258,0.157336,17.4449,2,1
4.2e-005,0.0341549,17.2889,2,1
-0.000128,-0.078827,17.1939,2,1
-0.001177,-0.717769,17.1904,2,1
-0.000242,-0.147579,17.1528,2,1
4.5e-005,0.0358669,17.1359,2,1
0.000204,0.165895,17.1179,2,1
-0.001784,-1.2592,17.1001,2,1
-8.5e-005,-0.0629804,17.047,2,0
-0.000329,-0.179297,16.9763,2,1
9.7e-005,0.0769424,16.8835,2,1
0.000268,0.227949,16.7919,2,1
2.6e-005,0.0209907,16.7708,2,1
0.000532,0.324429,16.7128,2,1
-0.000175,-0.139038,16.6907,2,1
0.000495,0.397371,16.5945,2,1
8.8e-005,0.053665,16.427,2,1
0.000123,0.0757478,16.2217,2,1
-0.000376,-0.178443,16.196,2,1
-0.001347,-1.08133,16.1665,2,1
0.000137,0.0640776,16.097,2,1
-1.4e-005,-0.00862171,15.9875,2,1
8.9e-005,0.0712204,15.9599,2,1
-2.5e-005,-0.0198626,15.9195,2,1
-3.6e-005,-0.0352403,15.9114,2,1
0.000404,0.376655,15.755,2,1
-8.8e-005,-0.0621128,15.6844,2,1
-0.003435,-1.73314,15.6487,2,0
0.001416,1.07138,15.6393,2,1
-0.002266,-1.59941,15.6333,2,1
-0.001962,-1.38483,15.6128,2,1
0.000206,0.212457,15.607,2,1
-0.000256,-0.118402,15.6045,2,1
0.000296,0.275965,15.5809,2,1
-1.6e-005,-0.014917,15.5124,2,1
-0.000193,-0.0892637,15.5001,2,1
-2.4e-005,-0.0147801,15.4841,2,1
-0.00047,-0.311923,15.4509,2,1
-0.000101,-0.0808231,15.4306,2,1
6.8e-005,0.0374435,15.3899,2,3
-0.003728,-2.27344,15.3734,2,1
-0.000288,-0.232512,15.3569,2,1
0.000288,0.234205,15.3473,2,1
-0.002183,-1.54082,15.3166,2,1
0.003767,2.22916,15.2947,2,1
-0.001667,-1.17661,15.2813,2,1
4.2e-005,0.0258651,15.2366,2,1
-5e-005,-0.0352914,15.1609,2,1
-0.000456,-0.25605,15.1413,2,1
-0.002121,-1.49706,15.1337,2,1
0.000152,0.091295,15.1189,2,1
-0.000107,-0.0856245,15.0976,2,1
4.8e-005,0.02883,15.057,2,1
5.2e-005,0.0345106,14.998,2,1
0.00021,0.195786,14.8893,2,1
0.000124,0.0985185,14.868,2,1
-2.4e-005,-0.0195658,14.8662,2,1
0.000371,0.191222,14.8055,2,3
-0.000456,-0.364904,14.7735,2,1
0.000191,0.178072,14.668,2,1
-4e-006,-0.0037968,14.6079,2,1
0.000199,0.185531,14.5936,2,1
-0.000274,-0.128692,14.5798,2,1
-7.6e-005,-0.061109,14.5538,2,1
-0.000337,-0.218295,14.4926,2,1
-0.000458,-0.215113,14.4826,2,1
-0.000185,-0.150444,14.4608,2,1
3e-005,0.0147134,14.4072,2,1
-9.5e-005,-0.0760218,14.3994,2,1
-0.000905,-0.608705,14.3961,2,1
-7.9e-005,-0.0557604,14.3797,2,1
0.000296,0.211311,14.3512,2,1
-0.00031,-0.205736,14.3454,2,1
-0.000447,-0.357702,14.2849,2,1
0.000193,0.179937,14.1448,2,1
0.000174,0.10611,14.0447,2,1
-0.001114,-0.786292,14.034,2,1
-0.000814,-0.49009,14.025,2,1
0.000244,0.125763,14.0176,2,3
0.0003,0.287728,13.9853,2,1
-0.000459,-0.252744,13.9168,2,3
-0.000537,-0.330704,13.9052,2,1
-0.000417,-0.256804,13.8689,2,1
0.000121,0.11281,13.785,2,1
-7.1e-005,-0.0335996,13.7606,2,1
-0.000306,-0.178637,13.7599,2,1
-0.000343,-0.1611,13.7418,2,1
-0.000466,-0.21887,13.7108,2,1
0.000195,0.181801,13.7094,2,1
-8.6e-005,-0.0691497,13.6083,2,1
-0.001447,-0.78858,13.5818,2,1
0.00015,0.0855717,13.5386,2,1
0.000316,0.149542,13.5224,2,1
0.000613,0.540292,13.4982,2,0
0.000107,0.0570662,13.4623,2,1
-0.000388,-0.183615,13.4154,2,1
7e-005,0.0431085,13.3834,2,1
0.000169,0.116241,13.3551,2,1
-0.00035,-0.215543,13.2837,2,1
0.000123,0.0740554,13.2126,2,1
0.000207,0.193546,13.1508,2,1
0.000588,0.55813,13.129,2,1
0.000323,0.302006,13.102,2,1
-0.001223,-0.736339,13.0608,2,1
-0.000698,-0.327836,13.0401,2,1
-0.000681,-0.319851,13.0366,2,1
-1.3e-005,-0.00741621,13.0263,2,1
0.000256,0.238672,13.0209,2,1
0.000431,0.402987,13.0116,2,1
-0.002129,-1.29833,13.0042,2,1
-0.000267,-0.126713,12.9926,2,1
-7e-006,-0.00561939,12.9475,2,1
0.000315,0.197759,12.883,2,1
0.00033,0.308552,12.8292,2,1
0.00023,0.215051,12.7958,2,1
2.5e-005,0.020381,12.7434,2,1
-0.000373,-0.231844,12.7303,2,1
-0.00047,-0.316123,12.7299,2,1
-0.000383,-0.147174,12.7064,2,3
6.6e-005,0.0438019,12.6677,2,1
0.00022,0.205701,12.6403,2,1
1.3e-005,0.00434842,12.6191,2,3
-0.000478,-0.226206,12.6177,2,1
0.000209,0.131212,12.607,2,1
-0.000136,-0.109353,12.5672,2,1
5.1e-005,0.047548,12.5636,2,1
-0.000561,-0.37733,12.504,2,1
-0.000195,-0.0788427,12.4821,2,3
-0.000751,-0.251205,12.4807,2,3
0.00034,0.213454,12.4613,2,1
-0.000429,-0.288546,12.4551,2,1
0.000204,0.165895,12.4292,2,1
-0.000572,-0.268656,12.4101,2,1
-0.000295,-0.137977,12.3252,2,1
0.000315,0.197759,12.2305,2,1
-0.000127,-0.0896401,12.202,2,1
-5.3e-005,-0.032943,12.1851,2,1
0.00014,0.0962945,12.1748,2,1
-0.001901,-1.86089,12.1502,2,1
-0.001028,-0.48283,12.1423,2,1
-0.00184,-0.89226,12.1199,2,3
5.2e-005,0.0323214,12.11,2,1
-0.003862,-2.78096,12.0979,2,1
0.000639,0.459802,12.0921,2,1
0.000188,0.112917,12.0826,2,1
-0.00031,-0.128887,12.0653,2,3
0.001345,1.18547,12.0229,2,0
0.000236,0.222312,12.022,2,1
-0.000265,-0.18509,12.014,2,1
4.5e-005,0.0279704,11.9889,2,1
0.000195,0.112858,11.9757,2,1
0.000227,0.160223,11.9612,2,1
-0.000421,-0.197735,11.96,2,1
1.5e-005,0.012061,11.9325,2,1
-0.000843,-0.339049,11.913,2,3
0.000111,0.100216,11.8008,2,1
-0.000424,-0.263544,11.7512,2,1
0.000618,0.387985,11.7273,2,1
0.000143,0.129107,11.7223,2,1
3e-005,0.018647,11.7087,2,1
0.000542,0.510563,11.6964,2,1
-0.000142,-0.0882623,11.6898,2,1
0.000143,0.0888838,11.6838,2,1
-0.000587,-0.217376,11.616,2,3
-0.000964,-0.648388,11.6076,2,1
9.6e-005,0.0583614,11.597,2,1
-0.000263,-0.100135,11.5928,2,3
-0.000148,-0.148209,11.5885,2,1
-0.000402,-0.249869,11.5812,2,1
-9.4e-005,-0.0556255,11.5113,2,1
-0.001736,-1.07904,11.4624,2,1
-0.000802,-0.237576,11.4425,2,3
-0.000458,-0.284677,11.4424,2,1
0.000338,0.201926,11.41,2,1
0.000413,0.254182,11.4058,2,0
0.000113,0.0582428,11.394,2,3
-0.000769,-0.295501,11.3877,2,3
0.001784,1.5724,11.3351,2,0
0.000205,0.217022,11.3171,2,1
-0.000235,-0.188955,11.2618,2,1
-0.000938,-0.747625,11.2357,2,1
-0.000633,-0.590155,11.2098,2,1
-0.000658,-0.246684,11.1605,2,3
-0.000236,-0.0905809,11.1353,2,3
-0.000271,-0.100356,11.0988,2,3
0.000127,0.0758717,11.0873,2,1
0.000295,0.183362,11.0771,2,1
-0.001832,-0.697515,11.0356,2,3
-0.000226,-0.151595,11.0197,2,1
-0.001169,-0.72661,11.012,2,1
-0.001736,-1.07904,10.9849,2,1
9.1e-005,0.0725308,10.9846,2,1
0.000418,0.262423,10.9556,2,1
-0.000236,-0.0905809,10.9186,2,3
-0.000265,-0.156817,10.8984,2,1
0.000933,0.374808,10.8839,2,3
-0.00033,-0.13316,10.8589,2,1
-0.00104,-0.646428,10.8203,2,1
0.000129,0.0746602,10.7994,2,1
0.000506,0.476651,10.799,2,1
-2.4e-005,-0.0223755,10.7849,2,1
-1.1e-005,-0.0052204,10.7846,2,1
0.000707,0.449817,10.7503,2,0
-0.001002,-0.385036,10.7346,2,3
9.4e-005,0.0779661,10.7267,2,1
0.000977,0.557292,10.7182,2,3
0.000387,0.276274,10.7077,2,1
0.000126,0.0677777,10.7056,2,1
-5.7e-005,-0.046018,10.689,2,1
0.000225,0.130669,10.6865,2,1
0.000429,0.266652,10.6724,2,1
0.000432,0.271213,10.6713,2,1
-0.001466,-0.911215,10.6614,2,1
-0.002179,-1.35439,10.5118,2,1
0.000378,0.249045,10.4785,2,0
8e-005,0.0315049,10.4726,2,3
0.000242,0.143206,10.471,2,1
-0.002319,-1.44141,10.4416,2,1
0.000622,0.29519,10.4398,2,1
-0.000485,-0.342326,10.4225,2,1
-0.000447,-0.268479,10.4207,2,1
-0.000209,-0.0991876,10.4203,2,1
0.000133,0.0492521,10.4073,2,3
8.8e-005,0.0494132,10.3736,2,1
0.007985,4.72521,10.3653,2,1
0.000564,0.338752,10.3515,2,1
-0.000447,-0.260951,10.3465,2,1
-0.000417,-0.259193,10.3159,2,1
-0.001198,-0.5428,10.3054,2,1
-0.001789,-1.11198,10.206,2,1
-0.002174,-1.35128,10.1914,2,1
3.8e-005,0.0380537,10.1345,2,1
-0.000383,-0.150648,10.1249,2,3
-0.000846,-0.343306,10.1205,2,3
-0.000164,-0.0795275,10.12,2,3
-0.002333,-1.45011,10.0985,2,1
-0.000881,-0.547599,10.0896,2,1
-0.00132,-0.598077,10.0562,2,1
0.000193,0.193273,10.055,2,1
-0.000488,-0.19218,10.0207,2,3
0.000107,0.0575572,9.91845,2,1
0.00024,0.123702,9.90323,2,3
-0.001641,-1.01999,9.88763,2,1
-0.000229,-0.128587,9.85079,2,1
0.000992,0.470785,9.84339,2,1
6.6e-005,0.0615327,9.81656,2,1
-0.001466,-0.911215,9.79147,2,1
-0.000806,-0.500982,9.72685,2,1
-0.002362,-1.46814,9.71149,2,1
0.000334,0.312292,9.70525,2,1
-0.00061,-0.205557,9.65629,2,3
0.000417,0.27474,9.64452,2,0
0.000416,0.261168,9.6402,2,1
-0.000956,-0.376484,9.63712,2,3
0.000308,0.15875,9.63663,2,3
-0.000264,-0.107305,9.62517,2,3
-0.000801,-0.550942,9.61115,2,1
-0.000482,-0.299594,9.6052,2,1
0.000194,0.135025,9.51179,2,0
-0.001244,-0.773227,9.51106,2,1
-0.000654,-0.461611,9.47865,2,1
-0.000186,-0.0901958,9.46476,2,3
0.000137,0.0860095,9.45012,2,1
-0.001206,-0.588007,9.39121,2,0
-0.000718,-0.446284,9.39003,2,1
0.000475,0.285297,9.33065,2,1
-0.001261,-0.341096,9.30937,2,3
0.000159,0.098038,9.30351,2,1
0.000222,0.235052,9.29395,2,1
-2.6e-005,-0.0209057,9.28155,2,1
0.000984,0.430022,9.27369,2,3
-0.000347,-0.174358,9.2707,2,3
0.000373,0.191182,9.26929,2,3
0.000166,0.0982323,9.26245,2,1
-9.4e-005,-0.0755822,9.25954,2,1
0.000275,0.172647,9.25311,2,1
0.000858,0.461534,9.24041,2,1
-0.00091,-0.642303,9.20486,2,1
0.004338,2.56706,9.17883,2,1
-0.000251,-0.0689796,9.17383,2,3
0.000116,0.081876,9.15737,2,1
0.000321,0.115405,9.12515,2,3
0.000485,0.18637,9.10989,2,3
-0.000223,-0.179018,9.09941,2,1
0.0005,0.300312,9.09502,2,1
-0.001184,-0.735933,9.08008,2,1
-0.002367,-1.47125,9.06778,2,1
-0.000244,-0.196192,9.05797,2,1
-0.000223,-0.0720141,9.04959,2,3
0.000751,0.466796,9.01011,2,1
9.2e-005,0.0632792,8.99423,2,1
0.001662,0.998238,8.96906,2,1
-0.000978,-0.416481,8.9665,2,3
-0.000317,-0.174553,8.95285,2,3
-0.000177,-0.104742,8.88889,2,1
-0.000291,-0.207741,8.81556,2,1
-0.000478,-0.248819,8.75468,2,3
-0.000128,-0.0479872,8.72813,2,3
0.000161,0.0829831,8.61489,2,3
0.000199,0.0766139,8.60517,2,3
0.000179,0.110905,8.57268,2,3
-0.000544,-0.218793,8.56143,2,3
-0.000268,-0.168252,8.55663,2,1
-0.001992,-0.709775,8.5545,2,3
-4.2e-005,-0.0234244,8.54172,2,3
5.3e-005,0.0361592,8.51683,2,0
-0.003483,-1.3277,8.49811,2,3
-0.00055,-0.231466,8.42245,2,3
0.000668,0.215719,8.41257,2,3
0.000299,0.1419,8.38864,2,1
0.000283,0.264606,8.36576,2,1
5.4e-005,0.0404576,8.35198,2,0
7e-006,0.00372939,8.34686,2,3
0.000416,0.331569,8.30074,2,1
-0.001081,-0.390311,8.19402,2,3
-0.001621,-0.488434,8.1806,2,3
-0.001101,-0.345287,8.12879,2,3
-0.000807,-0.336633,8.12593,2,3
-0.000883,-0.357016,8.1202,2,3
2.6e-005,0.0178833,8.11763,2,1
-0.001141,-0.35395,8.08061,2,3
-6.8e-005,-0.0329748,8.07624,2,3
-0.00049,-0.397518,8.06341,2,0
0.000341,0.161832,8.03888,2,1
0.000138,0.0824433,8.02421,2,1
-5.3e-005,-0.0162897,8.02175,2,3
-0.000505,-0.190611,8.00268,2,3
-0.000179,-0.0840725,7.99414,2,1
-0.001346,-0.537891,7.98824,2,3
0.000401,0.153797,7.98549,2,3
0.000102,0.0812982,7.98482,2,1
-6.8e-005,-0.0362282,7.97591,2,1
6.1e-005,0.0376121,7.96208,2,1
-0.000614,-0.183021,7.93998,2,3
-0.001627,-0.525429,7.92281,2,3
-0.000257,-0.158371,7.91455,2,1
0.000218,0.0977906,7.88836,2,3
-0.001512,-0.608116,7.88639,2,3
0.000292,0.155569,7.8847,2,3
-0.000356,-0.239446,7.86956,2,1
0.000119,0.0733743,7.86955,2,1
-0.000434,-0.306329,7.86784,2,1
0.000147,0.0659414,7.86778,2,3
-0.000957,-0.658242,7.85961,2,1
0.000953,0.406177,7.8592,2,3
-0.003623,-1.37107,7.84252,2,3
0.000512,0.272779,7.82655,2,3
-0.000839,-0.302933,7.82064,2,3
-0.000519,-0.209503,7.80289,2,1
0.000644,0.409438,7.77968,2,3
7.2e-005,0.0403798,7.76298,2,3
-0.000966,-0.331677,7.76293,2,3
0.00014,0.100812,7.76141,2,1
-0.000167,-0.0889727,7.73978,2,3
-0.000228,-0.0736288,7.72429,2,3
0.000276,0.127827,7.71805,2,3
-3.1e-005,-0.0159781,7.7155,2,3
0.000258,0.0989517,7.69556,2,3
0.000327,0.205293,7.69429,2,1
-0.000966,-0.331677,7.66936,2,3
-0.000312,-0.190267,7.65749,2,1
-0.00203,-0.608002,7.63821,2,3
0.000107,0.0602137,7.62581,2,3
8.9e-005,0.0333659,7.62535,2,3
0.000945,0.336601,7.62511,2,3
0.000459,0.212582,7.6231,2,3
-0.001187,-0.632399,7.60186,2,3
0.000399,0.250495,7.59533,2,1
-0.000225,-0.0935468,7.58863,2,3
0.00164,0.662014,7.52068,2,1
4.9e-005,0.0251534,7.51869,2,3
0.000106,0.0706677,7.50997,2,3
-0.002494,-0.743412,7.4956,2,3
-0.000404,-0.285154,7.48492,2,1
-0.000991,-0.340261,7.47296,2,3
-0.001096,-0.303032,7.44797,2,3
7.5e-005,0.0322693,7.4431,2,3
0.000215,0.13363,7.41195,2,1
0.000168,0.0568979,7.39642,2,3
-0.00084,-0.427043,7.38421,2,3
-0.000791,-0.236911,7.38299,2,3
-5.6e-005,-0.0200618,7.37479,2,3
-0.001149,-0.915801,7.35934,2,1
6.7e-005,0.0219352,7.35086,2,3
-0.00122,-0.649977,7.33468,2,1
0.000144,0.061718,7.33221,2,3
0.002287,0.81461,7.31469,2,3
6.8e-005,0.0238966,7.31141,2,3
-0.000543,-0.23616,7.29204,2,3
-5e-005,-0.0261752,7.22814,2,3
-0.000297,-0.109053,7.21406,2,3
-0.000123,-0.0625312,7.19898,2,3
-0.000642,-0.275159,7.19116,2,3
-0.001402,-0.459002,7.18028,2,3
-0.000435,-0.128443,7.16692,2,3
-4.8e-005,-0.0254097,7.16637,2,3
-0.001195,-0.843464,7.14621,2,1
-0.000725,-0.185763,7.12875,2,3
-0.000464,-0.201802,7.11385,2,3
3.8e-005,0.0185445,7.10818,2,3
-0.000131,-0.0499366,7.09412,2,3
-0.000335,-0.120957,7.09391,2,3
-0.001794,-0.672567,7.02886,2,3
0.000105,0.0330953,7.02285,2,3
5.9e-005,0.0218487,7.01995,2,3
-0.001812,-0.53869,6.99748,2,3
-0.001185,-0.836406,6.99456,2,1
-0.000383,-0.275792,6.97747,2,1
-0.00016,-0.0770656,6.96548,2,3
0.005637,3.01278,6.93368,2,2
-0.000639,-0.246011,6.92445,2,3
-7.4e-005,-0.0370716,6.90324,2,3
-0.00013,-0.072908,6.86945,2,3
0.000191,0.121661,6.8684,2,3
-0.000322,-0.115973,6.8623,2,3
0.000183,0.102693,6.8499,2,3
0.000127,0.0484118,6.80306,2,3
-0.000308,-0.154761,6.79814,2,3
-0.000362,-0.135152,6.78644,2,3
-0.001168,-0.366299,6.78158,2,3
0.000961,0.285696,6.77015,2,3
-0.001101,-0.476591,6.75071,2,3
-0.000273,-0.0912888,6.73317,2,3
0.000197,0.0912387,6.73255,2,3
-0.000162,-0.0814004,6.69143,2,3
-0.00068,-0.195751,6.68857,2,3
-0.000338,-0.192799,6.67559,2,3
0.000151,0.0708869,6.66801,2,3
9.7e-005,0.0544331,6.66423,2,3
-7.7e-005,-0.0390843,6.65923,2,3
-0.001255,-0.375883,6.65646,2,3
0.000748,0.389366,6.65384,2,3
-0.000591,-0.233017,6.65064,2,3
-0.001,-0.295272,6.63004,2,3
0.000691,0.32003,6.60177,2,3
7.2e-005,0.0452021,6.58795,2,1
0.000506,0.178959,6.58278,2,3
-9.6e-005,-0.0429298,6.57937,2,3
-0.000904,-0.567537,6.57174,2,1
-0.000371,-0.186417,6.57028,2,3
-0.000482,-0.256795,6.56274,2,3
-0.001148,-0.492866,6.55619,2,3
-0.000572,-0.324265,6.52966,2,3
0.005014,2.67981,6.51804,2,2
0.00355,1.89735,6.50451,2,2
2.6e-005,0.013218,6.50322,2,3
-0.000465,-0.131247,6.48906,2,3
0.000252,0.0933197,6.48842,2,3
-0.000267,-0.179585,6.47025,2,1
0.000437,0.419124,6.45274,2,1
0.00122,0.523777,6.44722,2,3
6.8e-005,0.0332326,6.4332,2,3
-0.000497,-0.216154,6.42845,2,3
-0.000665,-0.22684,6.41613,2,3
0.000316,0.194604,6.415,2,1
-0.000266,-0.0952935,6.41241,2,3
0.000379,0.17553,6.36441,2,3
-0.000311,-0.156269,6.32595,2,3
-0.000207,-0.0795433,6.30321,2,3
-0.000563,-0.282892,6.28838,2,3
-0.000504,-0.18895,6.28435,2,3
-0.000486,-0.153184,6.26907,2,3
-0.003659,-1.73154,6.26639,2,0
-0.000236,-0.158734,6.23809,2,1
-0.001111,-0.43786,6.23758,2,3
-0.001863,-0.609929,6.23513,2,3
-0.002118,-1.49494,6.23367,2,1
-0.000536,-0.228552,6.23333,2,3
-0.000263,-0.161965,6.23312,2,1
-0.000682,-0.382952,6.2161,2,1
0.000532,0.272678,6.21359,2,3
0.00052,0.246082,6.18291,2,1
-0.00035,-0.208091,6.1774,2,3
-0.001156,-0.344581,6.14857,2,3
-0.001527,-0.799391,6.14787,2,3
0.000945,0.336601,6.14273,2,3
0.000256,0.140499,6.14119,2,3
0.000113,0.0615823,6.13931,2,1
-0.000159,-0.064522,6.132,2,3
0.000181,0.0656637,6.13102,2,3
0.000196,0.116531,6.12799,2,3
-0.000421,-0.211541,6.12513,2,3
-0.00011,-0.0468435,6.12302,2,3
0.000164,0.099273,6.09813,2,3
-0.001026,-0.365452,6.09158,2,3
-0.000327,-0.125655,6.07939,2,3
-0.000442,-0.17076,6.06506,2,3
0.00013,0.0474209,6.05487,2,3
-0.000965,-0.344836,6.04009,2,3
-0.000959,-0.48754,6.03414,2,3
-0.000711,-0.236873,6.02806,2,3
0.000188,0.105737,6.00546,2,3
3.4e-005,0.0202145,6.00227,2,3
-0.000563,-0.282892,6.00137,2,3
-0.000429,-0.162349,5.99923,2,3
-0.003792,-1.79448,5.99636,2,0
-0.000257,-0.137579,5.98962,2,3
0.000122,0.0451786,5.97704,2,3
-0.001346,-0.49387,5.9745,2,3
-0.000298,-0.167698,5.97429,2,3
-0.000235,-0.0870243,5.96631,2,3
-0.000164,-0.133367,5.96508,2,1
0.000605,0.259301,5.94405,2,3
-0.000573,-0.239128,5.94229,2,3
0.000588,0.210649,5.93531,2,3
-0.000349,-0.231619,5.93345,2,1
-0.000265,-0.123946,5.9305,2,1
5.2e-005,0.0336834,5.92939,2,1
0.000156,0.0877882,5.92929,2,3
-0.000934,-0.398079,5.92849,2,3
-0.000527,-0.191187,5.92513,2,3
0.000219,0.164078,5.92002,2,0
-0.000244,-0.0895922,5.91542,2,3
0.001203,0.458578,5.91381,2,3
-0.001701,-0.731869,5.91151,2,3
-0.000443,-0.191098,5.90083,2,3
-1.5e-005,-0.00768828,5.88863,2,3
-0.001462,-0.45706,5.87322,2,3
-0.000271,-0.141205,5.85818,2,3
0.000776,0.229874,5.85123,2,3
-0.000946,-0.301314,5.84632,2,3
-0.001417,-0.520684,5.84615,2,3
-0.000335,-0.106702,5.83941,2,3
1.6e-005,0.0068136,5.82841,2,3
-0.000373,-0.225785,5.80721,2,3
0.000331,0.205728,5.80416,2,1
0.000266,0.123195,5.8036,2,3
0.00156,0.793079,5.79849,2,3
-0.000408,-0.160675,5.78194,2,3
0.000362,0.201896,5.75182,2,3
0.000271,0.127941,5.74961,2,3
-0.000746,-0.37866,5.71896,2,3
-0.001171,-0.474429,5.71273,2,3
-0.000625,-0.388977,5.70373,2,1
-0.000243,-0.243344,5.69071,2,1
-0.000217,-0.0854571,5.68633,2,3
0.000112,0.066589,5.67742,2,3
-0.000426,-0.164008,5.66967,2,3
-0.000717,-0.364511,5.6592,2,3
-8.7e-005,-0.0426447,5.65086,2,3
-0.000477,-0.216986,5.62569,2,3
-0.000978,-0.416481,5.61305,2,3
-0.00041,-0.194579,5.61087,2,1
0.000124,0.036962,5.60851,2,3
0.000193,0.0893862,5.60768,2,3
-0.00046,-0.16269,5.60173,2,3
-0.000532,-0.237903,5.5812,2,3
-0.000561,-0.312884,5.5744,2,3
-0.000509,-0.258362,5.5718,2,3
-0.000985,-0.553091,5.55639,2,1
0.000675,0.277286,5.55065,2,3
2.3e-005,0.00987448,5.51349,2,3
9.3e-005,0.0455857,5.50019,2,3
-0.000187,-0.11896,5.47857,2,3
0.000154,0.075486,5.46553,2,3
-0.000144,-0.0871665,5.45942,2,3
0.000741,0.231656,5.45509,2,3
0.000585,0.228938,5.45265,2,3
-0.000283,-0.122926,5.4404,2,3
-0.001126,-0.463304,5.43742,2,3
0.000332,0.214217,5.43444,2,3
-0.000612,-0.239504,5.43094,2,3
0.000387,0.197548,5.42401,2,3
-0.003388,-1.07912,5.41807,2,3
-0.00057,-0.208074,5.41314,2,3
0.000494,0.184915,5.41238,2,3
-0.00034,-0.136586,5.39947,2,3
-0.000353,-0.180931,5.39267,2,3
-0.000538,-0.211871,5.38243,2,3
-0.000275,-0.104909,5.37911,2,3
-0.001366,-0.465959,5.36738,2,3
0.000236,0.220026,5.35128,2,1
0.000348,0.170579,5.34759,2,3
-0.003608,-1.13151,5.34051,2,3
-0.006668,-3.13178,5.31703,2,0
0.000211,0.141144,5.31335,2,3
0.000255,0.0952774,5.31292,2,3
-4e-006,-0.00142482,5.3127,2,3
-0.000542,-0.208029,5.30936,2,3
0.000102,0.0734486,5.30884,2,1
-0.000164,-0.0458243,5.30498,2,3
0.000291,0.163202,5.29107,2,3
-0.000516,-0.181085,5.26859,2,3
-0.000333,-0.131139,5.26661,2,3
8.6e-005,0.080179,5.26102,2,1
-0.000236,-0.131623,5.26063,2,3
-0.000345,-0.12219,5.23627,2,3
-0.002034,-1.15307,5.22849,2,3
0.000183,0.170614,5.21209,2,1
-6e-006,-0.00273829,5.20836,2,3
-0.001428,-0.562363,5.20696,2,3
-0.000189,-0.0968691,5.19888,2,3
0.000893,0.319914,5.17727,2,3
-0.000777,-0.333586,5.17119,2,3
0.001145,0.435947,5.1668,2,3
-0.000675,-0.249964,5.16596,2,3
-0.000943,-0.351422,5.1573,2,3
-0.000103,-0.0541785,5.14149,2,3
-0.005718,-1.71259,5.12958,2,3
0.00053,0.213686,5.12745,2,3
0.000321,0.142969,5.12241,2,3
-0.001185,-0.466105,5.11519,2,3
-0.000158,-0.056884,5.10998,2,3
-0.000342,-0.20702,5.10918,2,3
-0.000157,-0.0438684,5.09765,2,3
-0.000347,-0.208674,5.09389,2,3
0.001712,0.506552,5.08176,2,3
-0.000717,-0.336595,5.05537,2,3
-0.002558,-0.631426,5.04306,2,3
0.000192,0.10356,5.03702,2,3
-0.000936,-0.401849,5.0183,2,3
-0.001363,-0.536119,4.99917,2,3
-0.000173,-0.13129,4.98429,2,1
-0.000301,-0.130745,4.98184,2,3
4.9e-005,0.0188146,4.97845,2,3
-0.000153,-0.0561787,4.97835,2,3
-0.000109,-0.0426568,4.97782,2,3
7.6e-005,0.0372529,4.97778,2,3
0.000218,0.234785,4.97069,2,0
-0.001027,-0.403958,4.96188,2,3
-0.000455,-0.175037,4.92786,2,3
0.000384,0.258279,4.92228,2,1
0.000366,0.169671,4.92075,2,3
-6.3e-005,-0.0512737,4.91626,2,1
-0.000741,-0.451883,4.91417,2,1
0.000224,0.0821894,4.91184,2,3
0.000379,0.178592,4.90668,2,3
-0.000659,-0.335025,4.906,2,3
-0.001439,-0.512559,4.90448,2,3
-5.4e-005,-0.0254458,4.90352,2,3
6.5e-005,0.0333159,4.89837,2,3
0.000975,0.420587,4.88701,2,3
-0.00053,-0.208788,4.86537,2,3
-0.000562,-0.265957,4.86449,2,1
0.000446,0.187698,4.84742,2,3
0.000289,0.141659,4.84391,2,3
2.7e-005,0.0125167,4.84381,2,3
-0.000908,-0.323434,4.84307,2,3
-0.002001,-0.66576,4.83465,2,3
-0.001189,-0.520512,4.82827,2,3
-0.000184,-0.0935427,4.82364,2,3
-0.001291,-0.911223,4.81127,2,1
-0.001829,-0.576488,4.81036,2,3
0.000376,0.19272,4.80938,2,3
-0.000135,-0.0752929,4.80881,2,3
-0.004262,-1.9059,4.80829,2,3
-0.000627,-0.352841,4.80502,2,3
-0.000434,-0.202692,4.80341,2,3
0.000171,0.10524,4.78982,2,3
-0.000399,-0.215212,4.78388,2,3
-0.000305,-0.155057,4.77284,2,3
-9e-005,-0.054123,4.7598,2,3
0.000478,0.234301,4.74766,2,3
-0.001605,-0.631307,4.74659,2,3
1e-006,0.000539377,4.73359,2,3
0.000428,0.158966,4.73028,2,3
0.000735,0.317058,4.72656,2,3
0.00027,0.160822,4.72618,2,3
0.000287,0.188827,4.72129,2,3
0.000433,0.285271,4.71829,2,3
-0.004464,-1.44162,4.71546,2,3
-0.000849,-0.279418,4.71477,2,3
-0.000764,-0.226319,4.71411,2,3
-0.000588,-0.210649,4.69949,2,3
-0.000561,-0.167223,4.69644,2,3
-0.000774,-0.366283,4.69377,2,1
-0.00032,-0.162428,4.69316,2,3
0.00062,0.292156,4.68344,2,3
0.000358,0.175481,4.67483,2,3
3.3e-005,0.0122204,4.67459,2,3
-0.004775,-3.00519,4.66891,2,0
-0.00103,-0.287799,4.65341,2,3
-0.000295,-0.1446,4.63859,2,3
-4.1e-005,-0.0302404,4.60796,2,3
0.0004,0.25775,4.60581,2,3
-0.000694,-0.284378,4.60542,2,3
-4.5e-005,-0.0230641,4.59461,2,3
0.000336,0.170817,4.59263,2,3
0.000357,0.181493,4.58749,2,3
-0.001167,-0.521866,4.58429,2,3
0.001372,0.3366,4.57854,2,3
0.000311,0.172397,4.57686,2,3
-0.000102,-0.0401819,4.56861,2,3
0.000675,0.319433,4.55884,2,1
-0.000591,-0.226927,4.558,2,3
-0.0023,-0.857126,4.55643,2,3
-0.000413,-0.140879,4.55265,2,3
-2.2e-005,-0.0123383,4.54312,2,3
-2.9e-005,-0.00891566,4.52142,2,3
-0.000134,-0.0588193,4.52086,2,3
0.000166,0.0842596,4.51466,2,3
-4.5e-005,-0.0331411,4.51283,2,3
-0.000374,-0.143716,4.51261,2,3
0.00052,0.189822,4.51146,2,3
0.000413,0.272095,4.49412,2,3
-0.000281,-0.113614,4.49028,2,3
-2.2e-005,-0.00982891,4.4867,2,3
-0.000167,-0.0641726,4.48631,2,3
-0.00071,-0.395985,4.48463,2,3
-0.002429,-1.37699,4.46208,2,3
-0.000753,-0.294684,4.45312,2,3
-0.000519,-0.288026,4.43893,2,3
0.000564,0.289079,4.43883,2,3
-0.001235,-0.463002,4.43523,2,3
-0.000842,-0.494439,4.42912,2,0
-7.1e-005,-0.034802,4.42212,2,3
-0.000499,-0.214233,4.41008,2,3
-0.00025,-0.153959,4.4035,2,1
-0.000443,-0.225214,4.40213,2,3
0.001774,0.671344,4.38649,2,3
-0.001023,-0.482964,4.37188,2,3
-0.000331,-0.165246,4.36682,2,3
0.000231,0.105081,4.36204,2,3
-0.000526,-0.188438,4.36044,2,3
0.000147,0.158318,4.35915,2,0
0.00036,0.183018,4.3533,2,3
-0.000319,-0.159255,4.34293,2,3
-0.000562,-0.226588,4.33697,2,3
-0.000228,-0.0876129,4.33554,2,3
0.001652,0.625175,4.32965,2,3
4.9e-005,0.0149365,4.32299,2,3
0.000633,0.309356,4.31657,2,3
0.004522,2.29415,4.30093,2,2
0.000454,0.183937,4.28101,2,3
0.000997,0.496206,4.26899,2,3
0.000619,0.38473,4.26092,2,1
-0.00694,-4.27124,4.25688,2,0
0.000336,0.16318,4.25254,2,3
0.000343,0.152833,4.24944,2,3
-0.000808,-0.396057,4.24891,2,3
0.000137,0.0665346,4.2467,2,3
0.000481,0.309945,4.24098,2,3
-0.001096,-0.428916,4.21506,2,3
0.000268,0.124122,4.21401,2,3
0.001274,0.838207,4.19659,2,3
-0.000197,-0.0965633,4.18604,2,3
0.00017,0.101258,4.17393,2,3
-0.004337,-2.53183,4.17262,2,0
0.003848,1.42498,4.17125,2,3
0.000449,0.175715,4.16974,2,3
-0.000608,-0.253622,4.15064,2,3
-0.000617,-0.216531,4.13662,2,3
-0.000651,-0.283131,4.13312,2,3
0.000661,0.283784,4.12278,2,3
0.00293,0.95485,4.12235,2,3
-0.0001,-0.0490169,4.12163,2,3
-0.001097,-0.432011,4.09096,2,3
0.001253,0.481116,4.08851,2,3
0.0004,0.153413,4.08664,2,3
-0.001243,-0.368213,4.08064,2,3
-0.003412,-1.61466,4.06992,2,0
-0.000249,-0.126588,4.05924,2,3
0.000443,0.227407,4.03675,2,3
-0.000539,-0.196757,4.02526,2,3
-0.001995,-0.829448,4.0246,2,3
-6.4e-005,-0.030158,4.02146,2,3
-0.000293,-0.142297,4.01571,2,3
-0.000407,-0.164293,4.01268,2,1
-0.000971,-0.597977,4.01187,2,1
-0.000297,-0.111345,4.00122,2,3
-0.000505,-0.19763,3.98886,2,3
-0.001303,-0.65472,3.97263,2,3
-4.8e-005,-0.0184096,3.97179,2,3
-8.5e-005,-0.0432126,3.97138,2,3
-9.3e-005,-0.0476658,3.96647,2,3
0.000345,0.164826,3.96633,2,3
0.000407,0.156397,3.96566,2,3
0.001642,1.60735,3.96312,2,1
0.001753,0.649165,3.95033,2,3
0.000716,0.338966,3.94383,2,3
-0.000733,-0.436602,3.94356,2,3
-0.000569,-0.242309,3.9412,2,3
-0.000828,-0.404075,3.92607,2,3
-0.000834,-0.408801,3.9233,2,3
0.001092,0.419297,3.91699,2,3
-0.000148,-0.0729372,3.90652,2,3
-0.000282,-0.14314,3.9024,2,3
0.000117,0.0503402,3.9023,2,3
-0.000377,-0.108527,3.89753,2,3
-0.000715,-0.246079,3.88768,2,3
-0.000276,-0.116154,3.88747,2,3
0.000864,0.369183,3.88205,2,3
-0.002094,-0.676244,3.8761,2,3
0.000357,0.181493,3.86942,2,3
0.000159,0.0694853,3.86698,2,3
-0.000644,-0.327399,3.86543,2,3
-7.6e-005,-0.0369097,3.86004,2,3
-0.003434,-1.62971,3.85465,2,1
-0.003282,-1.55758,3.84147,2,1
-0.000168,-0.0998835,3.84016,2,3
5.8e-005,0.0221262,3.838,2,3
-0.001532,-0.470864,3.83709,2,3
5.4e-005,0.0245645,3.83585,2,3
0.000624,0.251586,3.83315,2,3
0.000432,0.211753,3.83048,2,3
0.000178,0.0662112,3.82524,2,3
-6.4e-005,-0.0380509,3.82122,2,3
0.000138,0.103706,3.81726,2,0
-0.000165,-0.0519758,3.81462,2,3
0.000316,0.120458,3.78277,2,3
0.008647,4.62897,3.77541,2,3
0.000323,0.196479,3.76882,2,3
-0.000684,-0.274779,3.76692,2,3
-0.001253,-0.544716,3.75321,2,3
-0.000617,-0.302434,3.75192,2,3
0.000144,0.0691898,3.74891,2,3
-0.000567,-0.221893,3.74057,2,3
0.000439,0.209736,3.72951,2,3
2.4e-005,0.00775065,3.72809,2,3
0.000183,0.11005,3.72252,2,3
-0.000527,-0.269418,3.71133,2,3
-0.00057,-0.212487,3.70358,2,3
-0.003168,-1.24907,3.70307,2,3
0.000385,0.197333,3.69686,2,3
-5.8e-005,-0.0294401,3.68045,2,3
0.000364,0.176602,3.67737,2,3
7.4e-005,0.0321566,3.6755,2,3
1.1e-005,0.00655201,3.67535,2,3
-0.000708,-0.316312,3.67229,2,3
0.000728,0.356843,3.67183,2,3
-0.000725,-0.315179,3.66932,2,3
-0.001106,-0.368469,3.66392,2,3
-0.000153,-0.0911325,3.66279,2,3
-0.000119,-0.0707508,3.65696,2,3
0.00057,0.289779,3.65567,2,3
-0.000294,-0.126008,3.65453,2,3
-0.003536,-2.06423,3.64509,2,0
-0.000135,-0.0614111,3.64019,2,3
-0.000143,-0.095921,3.62756,2,1
-0.000594,-0.260736,3.62581,2,3
-0.001378,-0.410755,3.61963,2,3
2.4e-005,0.0142691,3.61677,2,3
-0.003466,-1.64488,3.60452,2,0
-0.000527,-0.210345,3.59491,2,3
-0.001222,-0.531239,3.58863,2,3
-0.001026,-0.365467,3.58199,2,3
-0.000304,-0.180742,3.58191,2,3
-9.9e-005,-0.048789,3.58109,2,3
-0.000389,-0.183823,3.57726,2,3
-0.001766,-0.562837,3.57485,2,3
-0.001236,-0.44027,3.57267,2,3
-0.001176,-0.945581,3.57167,2,1
-0.000889,-0.329211,3.55332,2,3
-0.001058,-0.427772,3.54852,2,3
-0.001123,-0.428082,3.54405,2,3
0.000537,0.200643,3.53598,2,3
-0.000896,-0.381561,3.53204,2,3
-0.000387,-0.144268,3.52929,2,3
-0.000148,-0.0752408,3.52731,2,3
-0.000423,-0.151156,3.51483,2,3
-0.001223,-0.39496,3.50681,2,3
-0.000123,-0.0597355,3.49989,2,3
0.00023,0.116745,3.49807,2,3
-0.00035,-0.164927,3.47605,2,3
-0.000716,-0.287634,3.47505,2,3
-0.000342,-0.127637,3.47453,2,3
0.001216,0.536359,3.45582,2,3
9.7e-005,0.0788815,3.43298,2,1
-0.00012,-0.0793783,3.428,2,0
-0.000192,-0.092253,3.42003,2,3
-0.003867,-1.83519,3.41206,2,0
0.00072,0.26283,3.39545,2,3
-0.002366,-0.837975,3.39248,2,3
-0.000772,-0.273036,3.38578,2,3
0.000336,0.161443,3.36828,2,3
-3.9e-005,-0.0112269,3.35711,2,3
0.000123,0.0602619,3.35107,2,3
-0.000739,-0.281367,3.35037,2,3
2.4e-005,0.00922241,3.3318,2,3
-0.003897,-1.25851,3.32519,2,3
-0.000352,-0.211681,3.325,2,3
0.000231,0.124596,3.31979,2,3
0.000447,0.163174,3.3166,2,3
-0.002384,-0.750972,3.30901,2,3
0.000174,0.123248,3.30001,2,3
0.000379,0.239288,3.29289,2,3
0.000325,0.153579,3.29161,2,3
0.000597,0.298626,3.28353,2,3
0.00058,0.272024,3.27184,2,3
0.000309,0.156845,3.27106,2,3
-0.000406,-0.196979,3.25035,2,3
0.00046,0.221023,3.24492,2,3
0.000446,0.226384,3.24363,2,3
-0.002479,-0.883299,3.24173,2,3
0.000177,0.170427,3.23536,2,0
0.000744,0.317243,3.23374,2,3
-0.000694,-0.32412,3.23288,2,3
-0.000974,-0.360688,3.23249,2,3
-0.001089,-0.358405,3.23135,2,3
0.000213,0.118795,3.22445,2,3
0.000538,0.230874,3.22212,2,3
-0.001612,-0.700783,3.21855,2,3
-0.000191,-0.0868854,3.21843,2,3
0.0008,0.398159,3.21795,2,3
0.000842,0.315664,3.20613,2,3
-0.00403,-1.72725,3.2061,2,3
-0.001052,-0.411696,3.20505,2,3
-0.000206,-0.104563,3.20016,2,3
-0.000623,-0.316723,3.19896,2,3
-0.00031,-0.162727,3.19877,2,3
-0.00201,-0.661519,3.19551,2,3
-0.000103,-0.065609,3.18172,2,3
0.000594,0.212262,3.1786,2,3
-0.005373,-1.32108,3.17797,2,3
0.000738,0.358413,3.17086,2,3
-0.000141,-0.063223,3.1539,2,3
0.000394,0.236939,3.14402,2,3
0.000197,0.0999948,3.14272,2,3
0.000199,0.0763797,3.14001,2,3
0.000172,0.117667,3.13486,2,3
0.00024,0.14599,3.11667,2,3
-0.000263,-0.156653,3.11548,2,3
0.000289,0.111053,3.11177,2,3
0.000759,0.370402,3.11096,2,3
-0.001445,-0.440474,3.10907,2,3
-0.001084,-0.339955,3.10508,2,3
-0.000365,-0.217408,3.10401,2,3
-2.4e-005,-0.0174458,3.10251,2,3
-0.000569,-0.18543,3.09434,2,3
-8.9e-005,-0.0659442,3.0895,2,0
0.000247,0.0879827,3.08703,2,3
-0.001052,-0.411696,3.08684,2,3
0.000566,0.27488,3.0731,2,3
-0.001834,-0.932376,3.06921,2,3
-0.000633,-0.311954,3.06002,2,3
-0.002403,-0.895803,3.05979,2,3
-0.001333,-0.677676,3.05345,2,3
-0.000308,-0.147149,3.04492,2,3
-0.001155,-0.412731,3.04369,2,3
-0.000785,-0.284785,3.03702,2,3
0.0001,0.0777699,3.03681,2,3
-0.000254,-0.117638,3.03235,2,3
-0.000178,-0.0850801,3.03194,2,3
-0.000513,-0.185034,3.0047,2,3
-0.00347,-1.84868,2.98861,2,0
0.000108,0.0548195,2.98437,2,3
-0.000426,-0.253742,2.98285,2,3
-0.000663,-0.293322,2.97342,2,3
-0.002038,-0.642363,2.97157,2,3
0.000375,0.153106,2.96711,2,3
-0.000343,-0.169037,2.95522,2,3
-0.000803,-0.408232,2.94509,2,3
-0.001129,-0.445137,2.92831,2,3
0.000394,0.191157,2.92301,2,3
-0.000609,-0.23187,2.90878,2,3
0.000323,0.215355,2.90262,2,3
0.00085,0.423044,2.89808,2,3
8.9e-005,0.0451753,2.89517,2,3
8.9e-005,0.0341597,2.89429,2,3
-0.001261,-0.341096,2.88545,2,3
-0.006675,-3.14539,2.87898,2,3
0.000328,0.306682,2.87614,2,1
0.000451,0.247519,2.85895,2,3
0.00038,0.355302,2.85534,2,1
-0.000626,-0.24847,2.85524,2,3
-0.000751,-0.319008,2.85274,2,3
-0.00049,-0.168996,2.84255,2,3
-0.000775,-0.472618,2.84243,2,1
0.000204,0.099559,2.83459,2,3
0.000349,0.162917,2.82796,2,3
7.8e-005,0.037881,2.8174,2,3
0.000967,0.411797,2.80338,2,3
0.000143,0.0750642,2.78335,2,3
-0.000175,-0.0820763,2.77675,2,3
0.000402,0.265207,2.77215,2,3
-0.000272,-0.13001,2.76426,2,3
7.6e-005,0.0576725,2.7624,2,3
-3e-005,-0.020002,2.75473,2,3
5.5e-005,0.0334561,2.74981,2,3
-0.000464,-0.19964,2.74497,2,3
0.000479,0.199899,2.74311,2,3
0.000183,0.188736,2.73599,2,1
1.7e-005,0.00631409,2.73236,2,3
-0.000133,-0.0417513,2.72594,2,3
-0.000127,-0.0569698,2.70979,2,3
-0.000506,-0.308574,2.70846,2,1
-0.001405,-0.575721,2.70476,2,3
0.000177,0.0971418,2.6953,2,3
-0.0002,-0.110993,2.68818,2,3
-0.003853,-1.18564,2.67869,2,3
-0.000825,-0.285509,2.67335,2,3
-0.001042,-0.529736,2.66587,2,3
0.000352,0.135262,2.66545,2,3
-0.001317,-0.48076,2.66248,2,3
3.6e-005,0.0371284,2.65753,2,1
0.000552,0.251923,2.64488,2,3
-0.000623,-0.379924,2.64242,2,1
9.2e-005,0.055963,2.63927,2,3
-0.002152,-0.641469,2.63904,2,3
-0.000325,-0.17315,2.62432,2,3
-0.002913,-2.07224,2.61165,2,1
9.8e-005,0.0514426,2.61114,2,3
-8.2e-005,-0.0327292,2.61062,2,3
0.001903,0.680024,2.60748,2,3
-9e-006,-0.00841504,2.60552,2,1
0.000211,0.089628,2.60249,2,3
0.000774,0.36541,2.59825,2,3
-0.001483,-0.509189,2.59412,2,3
-6e-006,-0.00300289,2.59157,2,3
-0.000324,-0.199658,2.58136,2,1
0.000581,0.299938,2.58072,2,3
-0.000904,-0.337768,2.57743,2,3
2.7e-005,0.0126813,2.57416,2,1
-0.00058,-0.228136,2.57359,2,3
3e-006,0.00140835,2.56596,2,3
-0.00027,-0.094754,2.56095,2,3
0.002472,1.18102,2.55634,2,3
-0.000146,-0.0708348,2.55504,2,3
-0.000241,-0.11608,2.5522,2,3
0.00102,0.35985,2.54652,2,3
-0.003701,-2.48251,2.54387,2,0
-0.001359,-0.53519,2.5382,2,3
-0.000635,-0.236467,2.52144,2,3
0.000456,0.22341,2.52021,2,3
-0.000285,-0.163417,2.51319,2,3
-0.000139,-0.0861217,2.51038,2,3
-0.000459,-0.199458,2.50934,2,3
0.000242,0.1125,2.50225,2,3
0.000529,0.293241,2.4945,2,3
-0.000559,-0.239993,2.4927,2,3
-3.2e-005,-0.0242832,2.48855,2,3
-0.000262,-0.166355,2.48305,2,3
0.00028,0.113808,2.47986,2,3
-9.3e-005,-0.0357368,2.47196,2,3
-0.001534,-0.654941,2.46762,2,3
0.000313,0.118141,2.45406,2,3
0.000147,0.09801,2.45218,2,3
-0.00348,-1.87193,2.43468,2,0
0.000833,0.279863,2.43356,2,3
0.000202,0.122875,2.42945,2,3
-0.000479,-0.178766,2.42177,2,3
7e-006,0.00291034,2.41953,2,3
-0.000397,-0.148163,2.41777,2,3
-0.00185,-0.80988,2.41471,2,3
-0.002882,-1.93315,2.414,2,0
-0.000336,-0.144009,2.40578,2,3
0.000264,0.113929,2.39086,2,3
0.000329,0.126424,2.3892,2,3
-0.00136,-0.741167,2.38123,2,1
-0.000753,-0.327351,2.38023,2,3
-0.001956,-0.696948,2.37954,2,3
-0.002239,-0.790472,2.37695,2,3
0.002127,0.854466,2.36972,2,3
0.000411,0.210652,2.3697,2,3
0.000605,0.310567,2.35493,2,3
-0.000362,-0.148335,2.34275,2,3
0.00028,0.113808,2.3289,2,3
-0.001941,-0.61179,2.32123,2,3
-0.00077,-0.554065,2.2933,2,1
-0.002581,-1.1105,2.22553,2,3
0.000597,0.309016,2.16373,2,3
-0.000335,-0.170042,2.12676,2,3
0.000747,0.379168,2.11052,2,3
-0.000104,-0.0426157,2.10376,2,3
-0.001982,-0.708254,2.05262,2,3
0.000512,0.43038,2.04529,2,1
-0.000645,-0.302943,2.03149,2,1
-7.6e-005,-0.0610105,2.02682,2,1
-0.001234,-0.525941,2.02217,2,3
-0.002468,-1.52175,1.98811,2,1
-0.001476,-0.485772,1.97091,2,3
-0.000218,-0.110654,1.89633,2,3
-0.004134,-1.37315,1.88194,2,3
2.9e-005,0.0131567,1.84295,2,3
-0.002763,-1.78165,1.82282,2,1
0.000729,0.280131,1.82176,2,3
0,0,1.78878,2,0
-0.000212,-0.0912147,1.77771,2,3
-0.0005,-0.204883,1.77621,2,3
-0.000293,-0.111817,1.75597,2,3
-0.001243,-0.444178,1.72805,2,3
0.000171,0.148623,1.72186,2,0
0.000971,0.418862,1.70884,2,3
0.000383,0.173759,1.69345,2,3
-0.000502,-0.301514,1.66024,2,1
0.000504,0.206522,1.6487,2,3
0.000258,0.111007,1.63189,2,3
-0.003391,-1.80659,1.62435,2,0
-0.003011,-1.15703,1.5821,2,3
0.001109,0.736005,1.55644,2,1
-0.001237,-0.475338,1.5563,2,3
0.001127,0.433069,1.51685,2,3
-0.000845,-0.428912,1.4846,2,3
-0.00046,-0.208693,1.45002,2,3
0.000551,0.235249,1.44784,2,3
0.000108,0.0839914,1.40105,2,3
-0.000599,-0.349506,1.40073,2,3
-5.6e-005,-0.0408799,1.28039,2,3
-0.001566,-0.559599,1.26652,2,3
-0.000952,-0.365822,1.25074,2,3
-0.000246,-0.153101,1.22005,2,1
0.000123,0.0882469,1.20142,2,3
0.000201,0.212817,1.15263,2,1
-3e-006,-0.00215236,1.13329,2,3
-0.004045,-2.17585,1.0681,2,0
0.000125,0.112856,0.99562,2,1
-0.000561,-0.327334,0.989552,2,3
-0.006363,-3.39353,0.980152,2,0
-0.002633,-1.23431,0.979684,2,1
0.000274,0.258108,0.945567,2,1
-0.00032,-0.257301,0.930996,2,1
-0.000166,-0.0716076,0.917175,2,3
-0.000419,-0.181208,0.895149,2,3
0.000598,0.411607,0.876249,2,0
-0.001088,-0.472985,0.85197,2,3
0.000633,0.255521,0.846449,2,1
-0.000637,-0.392288,0.822144,2,1
-0.000219,-0.0841545,0.794437,2,3
-0.000372,-0.267678,0.722391,2,1
0.001841,0.707436,0.69677,2,3
-0.001197,-0.42774,0.64304,2,3
-0.001616,-0.695297,0.58744,2,3
-0.001117,-0.449622,0.508053,2,3
-6.7e-005,-0.0367712,0.374153,2,3
-0.001484,-0.452362,0.373216,2,3
-0.003632,-2.10203,0.268468,2,0
0.000806,0.307243,2.34819,2,3
-0.001832,-0.630957,2.34818,2,3
-0.001366,-0.512111,2.32656,2,3
-0.000441,-0.190896,2.29516,2,3
0.000244,0.183755,2.29199,2,3
-0.000907,-0.371229,2.29053,2,3
0.00087,0.428752,2.28496,2,3
0.000129,0.0536335,2.25588,2,3
0.000141,0.0586227,2.25408,2,3
0.005955,2.20523,2.23734,2,3
0.00032,0.183486,2.23289,2,3
-0.000345,-0.209861,2.21795,2,3
-0.001387,-0.654811,2.18871,2,3
0.000255,0.192039,2.18302,2,3
-7.2e-005,-0.0388352,2.17966,2,3
-0.001975,-0.683491,2.16732,2,3
-0.000387,-0.199668,2.16355,2,3
0.000304,0.115972,2.15639,2,3
8.8e-005,0.0426949,2.15061,2,3
-0.001332,-0.474465,2.14352,2,3
0.000497,0.305872,2.1431,2,3
-0.001179,-0.525109,2.13717,2,3
-7.9e-005,-0.0498129,2.13709,2,3
0.00043,0.201673,2.13652,2,3
0.000403,0.245603,2.13651,2,3
-0.000432,-0.263277,2.13241,2,3
0.000144,0.0567327,2.12082,2,3
-0.001171,-0.43364,2.116,2,3
-0.000483,-0.236049,2.1146,2,3
5.3e-005,0.0303899,2.07257,2,3
-0.000989,-0.588005,2.07146,2,3
0.007458,2.68906,2.05098,2,3
-0.000819,-0.361248,2.03727,2,3
-0.000588,-0.24065,2.03483,2,3
9e-005,0.0422107,2.03053,2,3
-3.1e-005,-0.0127346,2.02682,2,3
-0.000276,-0.115131,2.0265,2,3
0.000604,0.267219,2.01804,2,3
-5.3e-005,-0.0282368,2.01743,2,3
0.000846,0.297302,1.98999,2,3
0.000371,0.178098,1.98946,2,3
-0.000148,-0.0848624,1.98755,2,3
-0.002432,-0.805937,1.9846,2,3
-0.001513,-0.648468,1.97956,2,3
0.00026,0.151783,0.67593,2,1
-0.000738,-0.454777,0.482125,2,1
0.000989,0.665203,0.253056,2,1
-0.000298,-0.193032,0.169138,2,1
0.003717,2.36164,0.167215,2,1
0.000146,0.154584,0.157573,2,1
-0.000367,-0.159479,1.95618,2,3
-0.000172,-0.0792603,1.9492,2,3
0.001569,0.804194,1.94631,2,3
-0.000744,-0.25241,1.92886,2,3
-0.000773,-0.331869,1.92521,2,3
-0.000131,-0.0736788,1.92096,2,3
-0.002766,-1.41772,1.91992,2,3
0.000171,0.084272,1.91776,2,3
-0.00282,-0.844613,1.91209,2,3
-2.7e-005,-0.0164239,1.91174,2,3
-0.001595,-0.590655,1.89643,2,3
-0.001106,-0.352276,1.87257,2,3
0.00036,0.14462,1.87247,2,3
4.9e-005,0.0274971,1.87162,2,3
-8.6e-005,-0.0634312,1.86817,2,3
-0.000737,-0.29607,1.86488,2,3
6.9e-005,0.0419722,1.86433,2,3
0.000209,0.0943905,1.85669,2,3
-0.000108,-0.0590167,1.85275,2,3
2.3e-005,0.00944827,1.84447,2,3
-0.000298,-0.144581,1.84064,2,3
1.4e-005,0.00679238,1.83868,2,3
0.000184,0.0850161,1.80982,2,3
6.2e-005,0.0382278,1.78295,2,3
-0.000641,-0.267506,1.77419,2,3
-0.000789,-0.267677,1.77406,2,3
-0.000275,-0.133422,1.76069,2,3
-0.000195,-0.0963341,1.75228,2,3
0.000277,0.136844,1.7421,2,3
-0.002176,-0.904701,1.72134,2,3
-5e-005,-0.0231791,1.71852,2,3
0.000361,0.155456,1.71713,2,3
-0.000541,-0.180961,1.71409,2,3
0.000394,0.193034,1.68282,2,3
-0.000547,-0.265388,1.681,2,3
8.4e-005,0.0360022,1.66479,2,3
-8.3e-005,-0.0504883,1.65771,2,3
0.000592,0.275207,1.63183,2,3
0.000137,0.068566,1.62354,2,3
-0.000154,-0.0936772,1.61883,2,3
-0.000924,-0.398752,1.61631,2,3
-0.00021,-0.129242,1.60277,2,3
-0.000418,-0.23171,1.59845,2,3
0.000379,0.199356,1.59385,2,3
-5.7e-005,-0.0346727,1.59285,2,3
0.000356,0.0978356,1.59268,2,3
2e-005,0.010929,1.56739,2,3
0.000284,0.138795,1.56516,2,3
-0.000432,-0.220518,1.55779,2,3
-0.000861,-0.315916,1.54651,2,3
0.001835,0.762926,1.5379,2,3
0.00044,0.166836,1.51867,2,3
-0.000167,-0.0671662,1.51837,2,3
-0.001737,-0.614332,1.514,2,3
-0.001869,-0.63299,1.51112,2,3
-0.000286,-0.173972,1.50705,2,3
-0.001627,-0.678989,1.49058,2,3
0.000562,0.272665,1.46781,2,3
-0.006497,-2.26651,1.46536,2,3
0.001069,0.458949,1.45442,2,3
-0.003457,-1.10177,1.44914,2,3
-0.000276,-0.116154,1.44438,2,3
-0.001134,-0.544869,1.43553,2,3
0.000754,0.360229,1.43372,2,3
-0.003166,-1.35924,1.42952,2,3
-0.000217,-0.0861311,1.41015,2,3
0.000261,0.115121,1.40956,2,3
-0.00016,-0.0986525,1.40613,2,3
-0.000351,-0.213511,1.39569,2,3
0.000759,0.297032,1.37987,2,3
-0.000245,-0.117894,1.37283,2,3
-8.8e-005,-0.037895,1.36306,2,3
-0.000646,-0.280719,1.35883,2,3
0.000194,0.0740083,1.33687,2,3
-0.001034,-0.329343,1.33148,2,3
-0.002166,-0.891222,1.32674,2,3
0.000368,0.252589,1.32343,2,3
-0.000298,-0.1253,1.29309,2,3
5.7e-005,0.0299823,1.25914,2,3
-0.000558,-0.266589,1.24773,2,3
4.5e-005,0.0250976,1.24642,2,3
0.000123,0.0651124,1.24281,2,3
6.4e-005,0.039004,1.22873,2,3
5.1e-005,0.031023,1.2033,2,3
-0.000411,-0.176374,1.17283,2,3
-0.000185,-0.0799761,1.16639,2,3
0.000303,0.140202,1.14793,2,3
-0.00536,-2.09762,1.14672,2,3
-0.004644,-2.18834,1.14431,2,3
-0.011844,-4.48059,1.13959,2,3
-0.000262,-0.0933258,1.13307,2,3
-0.000177,-0.0692683,1.11937,2,3
-0.000376,-0.146396,1.11789,2,3
0.000163,0.0654809,1.11744,2,3
0.00014,0.088276,1.10768,2,3
0.000678,0.328945,1.0985,2,3
-0.000687,-0.211403,1.09587,2,3
-7.2e-005,-0.0443114,1.08426,2,3
0.000568,0.265274,1.07383,2,3
0.000452,0.211098,1.06694,2,3
0.000391,0.25359,1.04971,2,3
0.001073,0.503245,1.03921,2,3
0.00078,0.37881,1.03552,2,3
-0.00179,-0.876981,1.03216,2,3
0.000468,0.230639,1.02415,2,3
-0.00015,-0.0616191,1.01873,2,3
0.000682,0.330886,1.0184,2,3
0.000678,0.251075,1.01172,2,3
0.001839,1.17138,1.01168,2,3
-0.000292,-0.145776,1.0047,2,3
0.001112,0.411792,0.991906,2,3
-0.000171,-0.0834539,0.986685,2,3
-0.000652,-0.263618,0.967987,2,3
-0.000177,-0.0642126,0.963347,2,3
-0.000126,-0.0794484,0.957548,2,3
-0.000239,-0.145656,0.943189,2,3
-0.00102,-0.401205,0.928548,2,3
0.000178,0.0715068,0.928335,2,3
-0.00035,-0.168017,0.924553,2,3
-5.8e-005,-0.0233,0.921907,2,3
2.7e-005,0.0119091,0.920509,2,3
0.000571,0.277309,0.894071,2,3
-0.000392,-0.172905,0.890923,2,3
-0.000132,-0.0676546,0.882228,2,3
0.001578,0.538275,0.879141,2,3
-0.002367,-0.760235,0.852828,2,3
-0.00291,-1.0425,0.850921,2,3
-0.000668,-0.286789,0.834433,2,3
-0.001241,-0.462626,0.828325,2,3
-0.001695,-0.594845,0.825399,2,3
-4.5e-005,-0.0242449,0.825282,2,3
-0.000136,-0.0629871,0.810697,2,3
-0.000332,-0.103054,0.809323,2,3
-0.000929,-0.476161,0.799451,2,3
-0.000254,-0.119128,0.788633,2,3
0.000548,0.257016,0.778244,2,3
0.00091,0.421458,0.778029,2,3
0.000241,0.1063,0.765317,2,3
-0.000394,-0.164354,0.733313,2,3
0.000203,0.0810247,0.698111,2,3
0.000244,0.107623,0.687412,2,3
0.002221,0.953106,0.685682,2,3
-0.005573,-1.78478,0.674377,2,3
-0.00018,-0.109493,0.672794,2,3
0.000127,0.0772532,0.643192,2,3
-0.001697,-0.799659,0.619243,2,3
-0.004303,-2.02379,0.618885,2,3
-0.004788,-1.92189,0.609548,2,3
-0.000435,-0.211049,0.596655,2,3
0.000667,0.227598,0.576226,2,3
0.002886,1.16687,0.575208,2,3
-5.4e-005,-0.0216931,0.565458,2,3
0.00048,0.187846,0.553025,2,3
-0.002189,-0.81576,0.524519,2,3
-0.000216,-0.0621797,0.487355,2,3
-0.00192,-0.774109,0.474136,2,3
0.000407,0.167193,0.467066,2,3
-5.3e-005,-0.0289619,0.465626,2,3
-0.004114,-1.62205,0.449174,2,3
-0.000354,-0.169937,0.437847,2,3
0.002058,0.882053,0.437638,2,3
-0.002572,-0.740399,0.400967,2,3
-0.001163,-0.521478,0.400768,2,3
0.002691,1.26329,0.391292,2,3
-0.001685,-0.659419,0.371723,2,3
0.001167,0.81619,0.367666,2,3
7.2e-005,0.0321832,0.128602,2,3
-0.000855,-0.687476,-0.113822,2,1
0.000553,0.337019,0.33202,2,3
-0.001073,-0.406852,0.325131,2,3
0.000787,0.291643,0.30907,2,3
-5.1e-005,-0.0286195,0.307854,2,3
0.000153,0.0731306,0.306536,2,3
-0.000401,-0.161871,0.295385,2,3
-0.002063,-0.698693,0.295102,2,3
-0.000136,-0.0489634,0.28025,2,3
0.002762,1.18527,0.270464,2,3
-0.000388,-0.147904,0.258836,2,3
-0.000984,-0.347146,0.253618,2,3
-0.000473,-0.219887,0.248913,2,3
0.000678,0.291963,0.230648,2,3
0.000606,0.25973,0.223372,2,3
-0.000287,-0.113915,0.200983,2,3
-0.000881,-0.261913,0.177334,2,3
-0.001591,-0.721115,0.170972,2,3
0.005924,2.04027,0.163147,2,3
-0.010227,-4.56319,0.052628,2,3
