Peptide_Order,Peptide,Peptide_Mass,Modifications,Proteins,Protein_Type
,Spectrum_Order,Title,Charge,Precursor_Mass,Evalue,Score,Precursor_Mass_Error(Da),Precursor_Mass_Error(ppm),Alpha_Evalue,Beta_Evalue
1,AAALAAADAR(8)-AAALAAADAR(8),1938.062686,null,sg|P0A9Q7|ADHE_ECOLI (44)-sg|P0A9Q7|ADHE_ECOLI (44)/,Inter-Protein
,1,20210521_QExHFX2_RSLC3_ADH_acidic-lib_sep_rep1.9154.9154.3.0.dta,3,1938.063464,1.000000e+000,6.195812e-005,0.000778,0.401432,1.000000e+000,1.000000e+000
,2,20210521_QExHFX2_RSLC3_ADH_acidic-lib_sep_rep1.9101.9101.4.0.dta,4,1938.062216,1.000000e+000,9.434713e-003,-0.000470,-0.242510,1.000000e+000,1.000000e+000
,3,20210521_QExHFX2_RSLC3_ADH_acidic-lib_sep_rep1.8909.8909.3.0.dta,3,1938.063795,1.000000e+000,4.857416e-002,0.001109,0.572221,1.000000e+000,1.000000e+000
,4,20210521_QExHFX2_RSLC3_ADH_acidic-lib_sep_rep1.9176.9176.4.0.dta,4,1938.062817,1.000000e+000,6.007027e-002,0.000131,0.067593,1.000000e+000,1.000000e+000
,5,20210521_QExHFX2_RSLC3_ADH_acidic-lib_sep_rep1.9380.9380.3.0.dta,3,1938.064082,1.000000e+000,1.639756e-001,0.001396,0.720307,1.000000e+000,1.000000e+000
2,AAALAAADAR(8)-AELGIPK(2),1765.007805,null,sg|P0A9Q7|ADHE_ECOLI (44)-sg|P0A9Q7|ADHE_ECOLI (808)/,Intra-Protein
,1,20210521_QExHFX2_RSLC3_ADH_acidic-lib_sep_rep1.12868.12868.4.0.dta,4,1765.006052,1.000000e+000,3.251138e-004,-0.001753,-0.993197,1.000000e+000,1.000000e+000
,2,20210521_QExHFX2_RSLC3_ADH_acidic-lib_sep_rep1.12963.12963.3.0.dta,3,1765.006390,1.000000e+000,3.424293e-003,-0.001415,-0.801696,1.000000e+000,1.000000e+000
,3,20210521_QExHFX2_RSLC3_ADH_acidic-lib_sep_rep1.12857.12857.3.1.dta,3,1765.007525,1.000000e+000,2.219221e-001,-0.000280,-0.158640,1.000000e+000,1.000000e+000
,4,20210521_QExHFX2_RSLC3_ADH_acidic-lib_sep_rep1.12975.12975.3.0.dta,3,1765.006328,1.000000e+000,2.910258e-001,-0.001477,-0.836823,1.000000e+000,1.000000e+000
3,AAALAAADAR(8)-AGNDANR(4),1754.900382,null,sg|P0A9Q7|ADHE_ECOLI (44)-sg|P00864|CAPP_ECOLI (50)/,Inter-Protein
,1,20210521_QExHFX2_RSLC3_ADH_acidic-lib_sep_rep1.4099.4099.4.0.dta,4,1754.900467,1.000000e+000,3.939516e-003,0.000085,0.048436,1.000000e+000,1.000000e+000
,2,20210521_QExHFX2_RSLC3_ADH_acidic-lib_sep_rep1.4082.4082.4.0.dta,4,1754.900440,1.000000e+000,4.327708e-003,0.000058,0.033050,1.000000e+000,1.000000e+000
,3,20210521_QExHFX2_RSLC3_ADH_acidic-lib_sep_rep1.4066.4066.3.0.dta,3,1754.901072,1.000000e+000,2.833537e-002,0.000690,0.393185,1.000000e+000,1.000000e+000
,4,20210521_QExHFX2_RSLC3_ADH_acidic-lib_sep_rep1.4254.4254.3.0.dta,3,1754.900756,1.000000e+000,4.782976e-001,0.000374,0.213118,1.000000e+000,1.000000e+000
4,AAALAAADAR(8)-ALIVTDR(6),1825.040164,null,sg|P0A9Q7|ADHE_ECOLI (44)-sg|P0A9Q7|ADHE_ECOLI (487)/,Intra-Protein
,1,20210521_QExHFX2_RSLC3_ADH_acidic-lib_sep_rep1.11807.11807.3.0.dta,3,1825.041337,1.000000e+000,7.648305e-002,0.001173,0.642726,1.000000e+000,1.000000e+000
5,AAALAAADAR(8)-IDGLGIK(2),1753.007805,null,sg|P0A9Q7|ADHE_ECOLI (44)-sg|P37095|PEPB_ECOLI (52)/,Inter-Protein
,1,20210521_QExHFX2_RSLC3_ADH_acidic-lib_sep_rep1.13012.13012.4.0.dta,4,1753.008236,1.000000e+000,3.042547e-005,0.000431,0.245863,1.000000e+000,1.000000e+000
,2,20210521_QExHFX2_RSLC3_ADH_acidic-lib_sep_rep1.12968.12968.3.1.dta,3,1753.006564,1.000000e+000,3.062202e-004,-0.001241,-0.707926,1.000000e+000,1.000000e+000
,3,20210521_QExHFX2_RSLC3_ADH_acidic-lib_sep_rep1.13050.13050.4.0.dta,4,1753.007201,1.000000e+000,1.416527e-003,-0.000604,-0.344551,1.000000e+000,1.000000e+000
,4,20210521_QExHFX2_RSLC3_ADH_acidic-lib_sep_rep1.12979.12979.3.1.dta,3,1753.006867,1.000000e+000,4.924921e-003,-0.000938,-0.535080,1.000000e+000,1.000000e+000
6,AAALAAADAR(8)-LTAEGVK(4),1754.987070,null,sg|P0A9Q7|ADHE_ECOLI (44)-sg|P27302|TKT1_ECOLI (574)/,Inter-Protein
,1,20210521_QExHFX2_RSLC3_ADH_acidic-lib_sep_rep1.7779.7779.4.0.dta,4,1754.987091,1.000000e+000,1.964253e-002,0.000021,0.011966,1.000000e+000,1.000000e+000
,2,20210521_QExHFX2_RSLC3_ADH_acidic-lib_sep_rep1.7782.7782.4.0.dta,4,1754.987091,1.000000e+000,2.123211e-002,0.000021,0.011966,1.000000e+000,1.000000e+000
7,AAALAAADAR(8)-TGAGMMDCK(7),2007.952014,Carbamidomethyl[C](21),sg|P0A9Q7|ADHE_ECOLI (44)-sg|P0A6P1|EFTS_ECOLI (22)/,Inter-Protein
,1,20210521_QExHFX2_RSLC3_ADH_acidic-lib_sep_rep1.9046.9046.3.0.dta,3,2007.954022,1.000000e+000,1.959728e-005,0.002008,1.000024,1.000000e+000,1.000000e+000
,2,20210521_QExHFX2_RSLC3_ADH_acidic-lib_sep_rep1.6672.6672.3.0.dta,3,2023.945605,1.000000e+000,1.674289e-001,-0.001323,-0.653673,1.000000e+000,1.000000e+000
8,AAITAEIR(6)-DAAAAVGK(1),1683.949960,null,sg|P02413|RL15_ECOLI (76)-sg|P0C018|RL18_ECOLI (69)/,Inter-Protein
,1,20210521_QExHFX2_RSLC3_ADH_acidic-lib_sep_rep1.6841.6841.3.0.dta,3,1683.951373,1.000000e+000,9.751464e-002,0.001413,0.839099,1.000000e+000,1.000000e+000
,2,20210521_QExHFX2_RSLC3_ADH_acidic-lib_sep_rep1.7040.7040.3.0.dta,3,1683.950524,1.000000e+000,4.139080e-001,0.000564,0.334927,1.000000e+000,1.000000e+000
9,AEITASLVK(2)-SELVNVAK(2),1928.117407,null,sg|P0A6P1|EFTS_ECOLI (3)-sg|P0A850|TIG_ECOLI (31)/,Inter-Protein
,1,20210521_QExHFX2_RSLC3_ADH_acidic-lib_sep_rep1.20169.20169.3.2.dta,3,1928.108776,1.000000e+000,6.768791e-002,-0.008631,-4.476387,1.000000e+000,1.000000e+000
10,AGNDANR(4)-IDGLGIK(2),1569.845501,null,sg|P00864|CAPP_ECOLI (50)-sg|P37095|PEPB_ECOLI (52)/,Inter-Protein
,1,20210521_QExHFX2_RSLC3_ADH_acidic-lib_sep_rep1.6614.6614.3.0.dta,3,1569.846534,1.000000e+000,8.736908e-004,0.001033,0.658027,1.000000e+000,1.000000e+000
,2,20210521_QExHFX2_RSLC3_ADH_acidic-lib_sep_rep1.6628.6628.4.0.dta,4,1569.844825,1.000000e+000,1.499190e-002,-0.000676,-0.430616,1.000000e+000,1.000000e+000
,3,20210521_QExHFX2_RSLC3_ADH_acidic-lib_sep_rep1.6651.6651.3.0.dta,3,1569.846438,1.000000e+000,3.200807e-001,0.000937,0.596874,1.000000e+000,1.000000e+000
11,AGNDANR(4)-SLTEIK(4),1544.813869,null,sg|P00864|CAPP_ECOLI (50)-sg|P0A7Z4|RPOA_ECOLI (302)/,Inter-Protein
,1,20210521_QExHFX2_RSLC3_ADH_acidic-lib_sep_rep1.4222.4222.3.0.dta,3,1544.814972,1.000000e+000,6.291614e-002,0.001103,0.714002,1.000000e+000,1.000000e+000
12,AGNVAADGVIK(7)-AGNDANR(4),1868.968456,null,sg|P0A6P1|EFTS_ECOLI (59)-sg|P00864|CAPP_ECOLI (50)/,Inter-Protein
,1,20210521_QExHFX2_RSLC3_ADH_acidic-lib_sep_rep1.4980.4980.3.0.dta,3,1868.969169,1.000000e+000,9.872002e-004,0.000713,0.381494,1.000000e+000,1.000000e+000
,2,20210521_QExHFX2_RSLC3_ADH_acidic-lib_sep_rep1.5007.5007.4.0.dta,4,1868.969161,1.000000e+000,1.583533e-002,0.000705,0.377213,1.000000e+000,1.000000e+000
,3,20210521_QExHFX2_RSLC3_ADH_acidic-lib_sep_rep1.4995.4995.4.0.dta,4,1868.969161,1.000000e+000,3.506095e-001,0.000705,0.377213,1.000000e+000,1.000000e+000
13,AGNVAADGVIK(7)-AGNVAADGVIK(7),2166.198834,null,sg|P0A6P1|EFTS_ECOLI (59)-sg|P0A6P1|EFTS_ECOLI (59)/,Inter-Protein
,1,20210521_QExHFX2_RSLC3_ADH_acidic-lib_sep_rep1.11204.11204.3.0.dta,3,2166.201302,1.000000e+000,3.492004e-002,0.002468,1.139323,1.000000e+000,1.000000e+000
,2,20210521_QExHFX2_RSLC3_ADH_acidic-lib_sep_rep1.11196.11196.3.0.dta,3,2166.200942,1.000000e+000,4.283870e-002,0.002108,0.973133,1.000000e+000,1.000000e+000
14,AGNVAADGVIK(7)-ALSMDAVQK(5),2114.138545,null,sg|P0A6P1|EFTS_ECOLI (59)-sg|P27302|TKT1_ECOLI (17)/,Inter-Protein
,1,20210521_QExHFX2_RSLC3_ADH_acidic-lib_sep_rep1.13069.13069.3.0.dta,3,2114.140081,1.000000e+000,2.744725e-008,0.001536,0.726537,1.000000e+000,1.000000e+000
,2,20210521_QExHFX2_RSLC3_ADH_acidic-lib_sep_rep1.13066.13066.3.0.dta,3,2114.139397,1.000000e+000,1.076697e-003,0.000852,0.403001,1.000000e+000,1.000000e+000
15,AGNVAADGVIK(7)-QNLAQQER(7),2138.142384,null,sg|P0A6P1|EFTS_ECOLI (59)-sg|P27302|TKT1_ECOLI (527)/,Inter-Protein
,1,20210521_QExHFX2_RSLC3_ADH_acidic-lib_sep_rep1.8507.8507.3.0.dta,3,2138.145252,1.000000e+000,1.068241e-001,0.002868,1.341351,1.000000e+000,1.000000e+000
16,AGNVAADGVIK(7)-TGAGMMDCK(7),2122.020089,Carbamidomethyl[C](22),sg|P0A6P1|EFTS_ECOLI (59)-sg|P0A6P1|EFTS_ECOLI (22)/,Intra-Protein
,1,20210521_QExHFX2_RSLC3_ADH_acidic-lib_sep_rep1.10105.10105.3.0.dta,3,2122.022999,1.000000e+000,3.649830e-008,0.002910,1.371335,1.000000e+000,1.000000e+000
,2,20210521_QExHFX2_RSLC3_ADH_acidic-lib_sep_rep1.10098.10098.3.0.dta,3,2122.022970,1.000000e+000,5.719062e-006,0.002881,1.357669,1.000000e+000,1.000000e+000
,3,20210521_QExHFX2_RSLC3_ADH_acidic-lib_sep_rep1.7625.7625.3.3.dta,3,2138.016655,1.000000e+000,2.092686e-001,0.001652,0.772679,1.000000e+000,1.000000e+000
,4,20210521_QExHFX2_RSLC3_ADH_acidic-lib_sep_rep1.10138.10138.4.0.dta,4,2122.022793,1.000000e+000,2.329747e-001,0.002704,1.274257,1.000000e+000,1.000000e+000
17,AGNVAADGVIK(7)-VLDAAVAGK(3),1995.134451,null,sg|P0A6P1|EFTS_ECOLI (59)-sg|P0A6P1|EFTS_ECOLI (98)/,Intra-Protein
,1,20210521_QExHFX2_RSLC3_ADH_acidic-lib_sep_rep1.11194.11194.3.0.dta,3,1995.135817,1.000000e+000,2.110246e-005,0.001366,0.684666,1.000000e+000,1.000000e+000
,2,20210521_QExHFX2_RSLC3_ADH_acidic-lib_sep_rep1.11190.11190.4.1.dta,4,1995.135331,1.000000e+000,2.032426e-001,0.000880,0.441073,1.000000e+000,1.000000e+000
18,AGNVAADGVIK(7)-VLGETIK(4),1911.102092,null,sg|P0A6P1|EFTS_ECOLI (59)-sg|P00864|CAPP_ECOLI (21)/,Inter-Protein
,1,20210521_QExHFX2_RSLC3_ADH_acidic-lib_sep_rep1.11561.11561.4.1.dta,4,1911.102668,1.000000e+000,1.320470e-001,0.000576,0.301397,1.000000e+000,1.000000e+000
19,ALIVTDR(6)-AELGIPK(2),1651.985284,null,sg|P0A9Q7|ADHE_ECOLI (487)-sg|P0A9Q7|ADHE_ECOLI (808)/,Intra-Protein
,1,20210521_QExHFX2_RSLC3_ADH_acidic-lib_sep_rep1.16011.16011.3.0.dta,3,1651.989959,1.000000e+000,2.787608e-003,0.004675,2.829928,1.000000e+000,1.000000e+000
20,ALSMDAVQK(5)-ALSMDAVQK(5),2078.073171,Oxidation[M](4),sg|P27302|TKT1_ECOLI (17)-sg|P27302|TKT1_ECOLI (17)/,Inter-Protein
,1,20210521_QExHFX2_RSLC3_ADH_acidic-lib_sep_rep1.10660.10660.3.0.dta,3,2078.070399,1.000000e+000,1.683173e-001,-0.002772,-1.333928,1.000000e+000,1.000000e+000
,2,20210521_QExHFX2_RSLC3_ADH_acidic-lib_sep_rep1.14846.14846.3.0.dta,3,2062.078867,1.000000e+000,3.037652e-001,0.000611,0.296303,1.000000e+000,1.000000e+000
21,ALSMDAVQK(5)-ATDLFLK(3),1907.041803,null,sg|P27302|TKT1_ECOLI (17)-sg|P00864|CAPP_ECOLI (277)/,Inter-Protein
,1,20210521_QExHFX2_RSLC3_ADH_acidic-lib_sep_rep1.18301.18301.3.0.dta,3,1907.042117,1.000000e+000,3.717638e-004,0.000314,0.164653,1.000000e+000,1.000000e+000
,2,20210521_QExHFX2_RSLC3_ADH_acidic-lib_sep_rep1.18322.18322.4.0.dta,4,1907.042605,1.000000e+000,1.363818e-002,0.000802,0.420547,1.000000e+000,1.000000e+000
22,ALSMDAVQK(5)-QALELPR(4),1926.058847,null,sg|P27302|TKT1_ECOLI (17)-sg|P0A850|TIG_ECOLI (331)/,Inter-Protein
,1,20210521_QExHFX2_RSLC3_ADH_acidic-lib_sep_rep1.16945.16945.3.0.dta,3,1926.058897,1.000000e+000,6.283189e-002,0.000050,0.025960,1.000000e+000,1.000000e+000
,2,20210521_QExHFX2_RSLC3_ADH_acidic-lib_sep_rep1.16953.16953.3.0.dta,3,1926.058437,1.000000e+000,1.129707e-001,-0.000410,-0.212870,1.000000e+000,1.000000e+000
,3,20210521_QExHFX2_RSLC3_ADH_acidic-lib_sep_rep1.17017.17017.4.0.dta,4,1926.058573,1.000000e+000,3.068982e-001,-0.000274,-0.142259,1.000000e+000,1.000000e+000
23,ALSMDAVQK(5)-QNLAQQER(7),2086.082095,null,sg|P27302|TKT1_ECOLI (17)-sg|P27302|TKT1_ECOLI (527)/,Intra-Protein
,1,20210521_QExHFX2_RSLC3_ADH_acidic-lib_sep_rep1.10022.10022.3.1.dta,3,2086.083485,1.000000e+000,6.771958e-003,0.001390,0.666321,1.000000e+000,1.000000e+000
24,ALSMDAVQK(5)-VLDAAVAGK(3),1943.074162,null,sg|P27302|TKT1_ECOLI (17)-sg|P0A6P1|EFTS_ECOLI (98)/,Inter-Protein
,1,20210521_QExHFX2_RSLC3_ADH_acidic-lib_sep_rep1.12973.12973.3.0.dta,3,1943.073385,1.000000e+000,6.521876e-003,-0.000777,-0.399882,1.000000e+000,1.000000e+000
,2,20210521_QExHFX2_RSLC3_ADH_acidic-lib_sep_rep1.12986.12986.4.0.dta,4,1943.072768,1.000000e+000,7.676313e-003,-0.001394,-0.717420,1.000000e+000,1.000000e+000
25,ATDLFLK(3)-AGNDANR(4),1661.871714,null,sg|P00864|CAPP_ECOLI (277)-sg|P00864|CAPP_ECOLI (50)/,Intra-Protein
,1,20210521_QExHFX2_RSLC3_ADH_acidic-lib_sep_rep1.8457.8457.3.0.dta,3,1661.872143,1.000000e+000,1.097782e-002,0.000429,0.258143,1.000000e+000,1.000000e+000
,2,20210521_QExHFX2_RSLC3_ADH_acidic-lib_sep_rep1.8486.8486.4.0.dta,4,1661.871232,1.000000e+000,2.608585e-002,-0.000482,-0.290034,1.000000e+000,1.000000e+000
26,AVQDVILK(4)-AELGIPK(2),1750.058444,null,sg|P0A9Q7|ADHE_ECOLI (284)-sg|P0A9Q7|ADHE_ECOLI (808)/,Intra-Protein
,1,20210521_QExHFX2_RSLC3_ADH_acidic-lib_sep_rep1.17029.17029.3.0.dta,3,1750.058542,1.000000e+000,5.323483e-004,0.000098,0.055998,1.000000e+000,1.000000e+000
,2,20210521_QExHFX2_RSLC3_ADH_acidic-lib_sep_rep1.16980.16980.4.1.dta,4,1750.058223,1.000000e+000,9.675254e-002,-0.000221,-0.126281,1.000000e+000,1.000000e+000
,3,20210521_QExHFX2_RSLC3_ADH_acidic-lib_sep_rep1.16974.16974.3.0.dta,3,1750.057275,1.000000e+000,2.369888e-001,-0.001169,-0.667978,1.000000e+000,1.000000e+000
27,AVQDVILK(4)-ALIVTDR(6),1810.090803,null,sg|P0A9Q7|ADHE_ECOLI (284)-sg|P0A9Q7|ADHE_ECOLI (487)/,Intra-Protein
,1,20210521_QExHFX2_RSLC3_ADH_acidic-lib_sep_rep1.16453.16453.3.0.dta,3,1810.091678,1.000000e+000,9.436699e-004,0.000875,0.483401,1.000000e+000,1.000000e+000
,2,20210521_QExHFX2_RSLC3_ADH_acidic-lib_sep_rep1.16330.16330.3.0.dta,3,1810.091724,1.000000e+000,3.695099e-001,0.000921,0.508814,1.000000e+000,1.000000e+000
28,AVQDVILK(4)-AVQDVILK(4),1908.163963,null,sg|P0A9Q7|ADHE_ECOLI (284)-sg|P0A9Q7|ADHE_ECOLI (284)/,Inter-Protein
,1,20210521_QExHFX2_RSLC3_ADH_acidic-lib_sep_rep1.17095.17095.3.0.dta,3,1908.164051,1.000000e+000,4.699674e-002,0.000088,0.046118,1.000000e+000,1.000000e+000
29,AVQDVILK(4)-MTEAMK(3),1748.939653,Oxidation[M](12),sg|P0A9Q7|ADHE_ECOLI (284)-sg|P37095|PEPB_ECOLI (3)/,Inter-Protein
,1,20210521_QExHFX2_RSLC3_ADH_acidic-lib_sep_rep1.9160.9160.3.0.dta,3,1748.939493,1.000000e+000,7.522693e-003,-0.000160,-0.091484,1.000000e+000,1.000000e+000
,2,20210521_QExHFX2_RSLC3_ADH_acidic-lib_sep_rep1.10730.10730.4.0.dta,4,1732.945371,1.000000e+000,3.621622e-002,0.000633,0.365274,1.000000e+000,1.000000e+000
,3,20210521_QExHFX2_RSLC3_ADH_acidic-lib_sep_rep1.10747.10747.4.1.dta,4,1732.945239,1.000000e+000,4.262517e-002,0.000501,0.289103,1.000000e+000,1.000000e+000
,4,20210521_QExHFX2_RSLC3_ADH_acidic-lib_sep_rep1.10828.10828.4.0.dta,4,1732.945052,1.000000e+000,2.409533e-001,0.000314,0.181194,1.000000e+000,1.000000e+000
,5,20210521_QExHFX2_RSLC3_ADH_acidic-lib_sep_rep1.10771.10771.3.1.dta,3,1732.944606,1.000000e+000,3.910592e-001,-0.000132,-0.076171,1.000000e+000,1.000000e+000
30,AVTDKPSLLMCK(4)-AGNVAADGVIK(7),2514.352952,Carbamidomethyl[C](11),sg|P27302|TKT1_ECOLI (236)-sg|P0A6P1|EFTS_ECOLI (59)/,Inter-Protein
,1,20210521_QExHFX2_RSLC3_ADH_acidic-lib_sep_rep1.13502.13502.3.0.dta,3,2514.352166,1.000000e+000,6.309916e-005,-0.000786,-0.312605,1.000000e+000,1.000000e+000
31,AVTDKPSLLMCK(4)-ALIVTDR(6),2287.262356,Carbamidomethyl[C](11),sg|P27302|TKT1_ECOLI (236)-sg|P0A9Q7|ADHE_ECOLI (487)/,Inter-Protein
,1,20210521_QExHFX2_RSLC3_ADH_acidic-lib_sep_rep1.15146.15146.3.0.dta,3,2287.263921,1.000000e+000,1.807202e-004,0.001565,0.684224,1.000000e+000,1.000000e+000
32,AVTDKPSLLMCK(4)-ALSMDAVQK(5),2462.292663,Carbamidomethyl[C](11),sg|P27302|TKT1_ECOLI (236)-sg|P27302|TKT1_ECOLI (17)/,Intra-Protein
,1,20210521_QExHFX2_RSLC3_ADH_acidic-lib_sep_rep1.15026.15026.4.0.dta,4,2462.293146,1.000000e+000,7.366283e-002,0.000483,0.196159,1.000000e+000,1.000000e+000
33,AVTDKPSLLMCK(4)-AVTDKPSLLMCK(4),2878.501983,Carbamidomethyl[C](11);Oxidation[M](10);Carbamidomethyl[C](26),sg|P27302|TKT1_ECOLI (236)-sg|P27302|TKT1_ECOLI (236)/,Inter-Protein
,1,20210521_QExHFX2_RSLC3_ADH_acidic-lib_sep_rep1.13755.13755.4.0.dta,4,2878.506435,1.000000e+000,4.749619e-003,0.004452,1.546638,1.000000e+000,1.000000e+000
,2,20210521_QExHFX2_RSLC3_ADH_acidic-lib_sep_rep1.15360.15360.5.1.dta,5,2862.506729,1.000000e+000,2.453404e-001,-0.000340,-0.118777,1.000000e+000,1.000000e+000
34,AVTDKPSLLMCK(4)-QNLAQQER(7),2486.296501,Carbamidomethyl[C](11),sg|P27302|TKT1_ECOLI (236)-sg|P27302|TKT1_ECOLI (527)/,Intra-Protein
,1,20210521_QExHFX2_RSLC3_ADH_acidic-lib_sep_rep1.10885.10885.3.0.dta,3,2486.299784,1.000000e+000,2.983992e-004,0.003283,1.320438,1.000000e+000,1.000000e+000
,2,20210521_QExHFX2_RSLC3_ADH_acidic-lib_sep_rep1.11012.11012.3.0.dta,3,2486.298890,1.000000e+000,5.654743e-004,0.002389,0.960867,1.000000e+000,1.000000e+000
,3,20210521_QExHFX2_RSLC3_ADH_acidic-lib_sep_rep1.10959.10959.4.0.dta,4,2486.297191,1.000000e+000,1.342408e-002,0.000690,0.277521,1.000000e+000,1.000000e+000
,4,20210521_QExHFX2_RSLC3_ADH_acidic-lib_sep_rep1.10884.10884.4.1.dta,4,2486.296367,1.000000e+000,2.259400e-001,-0.000134,-0.053895,1.000000e+000,1.000000e+000
,5,20210521_QExHFX2_RSLC3_ADH_acidic-lib_sep_rep1.10950.10950.5.0.dta,5,2486.298546,1.000000e+000,2.814264e-001,0.002045,0.822508,1.000000e+000,1.000000e+000
35,AVTDKPSLLMCK(4)-SELVNVAK(2),2359.283483,Carbamidomethyl[C](11),sg|P27302|TKT1_ECOLI (236)-sg|P0A850|TIG_ECOLI (31)/,Inter-Protein
,1,20210521_QExHFX2_RSLC3_ADH_acidic-lib_sep_rep1.14062.14062.5.2.dta,5,2359.282350,1.000000e+000,2.633485e-006,-0.001133,-0.480231,1.000000e+000,1.000000e+000
,2,20210521_QExHFX2_RSLC3_ADH_acidic-lib_sep_rep1.12247.12247.3.0.dta,3,2375.280394,1.000000e+000,1.563317e-005,0.001997,0.840744,1.000000e+000,1.000000e+000
,3,20210521_QExHFX2_RSLC3_ADH_acidic-lib_sep_rep1.12224.12224.3.0.dta,3,2375.280776,1.000000e+000,4.256106e-004,0.002379,1.001567,1.000000e+000,1.000000e+000
,4,20210521_QExHFX2_RSLC3_ADH_acidic-lib_sep_rep1.14070.14070.4.1.dta,4,2359.283269,1.000000e+000,5.357377e-004,-0.000214,-0.090706,1.000000e+000,1.000000e+000
,5,20210521_QExHFX2_RSLC3_ADH_acidic-lib_sep_rep1.14082.14082.5.0.dta,5,2359.284277,1.000000e+000,8.610384e-004,0.000794,0.336543,1.000000e+000,1.000000e+000
,6,20210521_QExHFX2_RSLC3_ADH_acidic-lib_sep_rep1.12204.12204.4.1.dta,4,2375.280491,1.000000e+000,4.643142e-003,0.002094,0.881581,1.000000e+000,1.000000e+000
,7,20210521_QExHFX2_RSLC3_ADH_acidic-lib_sep_rep1.14190.14190.4.1.dta,4,2359.282109,1.000000e+000,6.268998e-003,-0.001374,-0.582380,1.000000e+000,1.000000e+000
,8,20210521_QExHFX2_RSLC3_ADH_acidic-lib_sep_rep1.12215.12215.4.1.dta,4,2375.280330,1.000000e+000,1.949824e-002,0.001933,0.813799,1.000000e+000,1.000000e+000
,9,20210521_QExHFX2_RSLC3_ADH_acidic-lib_sep_rep1.14135.14135.3.0.dta,3,2359.285188,1.000000e+000,9.087398e-002,0.001705,0.722677,1.000000e+000,1.000000e+000
,10,20210521_QExHFX2_RSLC3_ADH_acidic-lib_sep_rep1.14061.14061.3.0.dta,3,2359.284273,1.000000e+000,9.629470e-002,0.000790,0.334847,1.000000e+000,1.000000e+000
36,AVTDKPSLLMCK(4)-TGAGMMDCK(7),2470.174206,Carbamidomethyl[C](11);Carbamidomethyl[C](23),sg|P27302|TKT1_ECOLI (236)-sg|P0A6P1|EFTS_ECOLI (22)/,Inter-Protein
,1,20210521_QExHFX2_RSLC3_ADH_acidic-lib_sep_rep1.12672.12672.4.3.dta,4,2470.166815,1.000000e+000,2.680762e-003,-0.007391,-2.992097,1.000000e+000,1.000000e+000
,2,20210521_QExHFX2_RSLC3_ADH_acidic-lib_sep_rep1.12677.12677.4.3.dta,4,2470.167490,1.000000e+000,2.355915e-002,-0.006716,-2.718837,1.000000e+000,1.000000e+000
,3,20210521_QExHFX2_RSLC3_ADH_acidic-lib_sep_rep1.12735.12735.4.0.dta,4,2470.170969,1.000000e+000,7.616581e-002,-0.003237,-1.310434,1.000000e+000,1.000000e+000
37,AVTDKPSLLMCK(4)-VLDAAVAGK(3),2343.288568,Carbamidomethyl[C](11),sg|P27302|TKT1_ECOLI (236)-sg|P0A6P1|EFTS_ECOLI (98)/,Inter-Protein
,1,20210521_QExHFX2_RSLC3_ADH_acidic-lib_sep_rep1.13505.13505.3.0.dta,3,2343.287284,1.000000e+000,1.445173e-003,-0.001284,-0.547948,1.000000e+000,1.000000e+000
38,ELMTISK(1)-ELESGK(3),1636.857369,Oxidation[M](3),sg|P06959|ODP2_ECOLI (525)-sg|P00490|PHSM_ECOLI (712)/,Inter-Protein
,1,20210521_QExHFX2_RSLC3_ADH_acidic-lib_sep_rep1.3994.3994.4.0.dta,4,1636.849927,1.000000e+000,3.737024e-001,-0.007442,-4.546517,1.000000e+000,1.000000e+000
,2,20210521_QExHFX2_RSLC3_ADH_acidic-lib_sep_rep1.3989.3989.4.0.dta,4,1636.850008,1.000000e+000,4.623581e-001,-0.007361,-4.497032,1.000000e+000,1.000000e+000
39,GTGNMELHLSR(6)-AGNDANR(4),2069.005244,null,sg|P0AG30|RHO_ECOLI (342)-sg|P00864|CAPP_ECOLI (50)/,Inter-Protein
,1,20210521_QExHFX2_RSLC3_ADH_acidic-lib_sep_rep1.7134.7134.3.0.dta,3,2069.006565,1.000000e+000,1.963953e-003,0.001321,0.638471,1.000000e+000,1.000000e+000
,2,20210521_QExHFX2_RSLC3_ADH_acidic-lib_sep_rep1.7133.7133.4.0.dta,4,2069.005168,1.000000e+000,4.985171e-003,-0.000076,-0.036733,1.000000e+000,1.000000e+000
,3,20210521_QExHFX2_RSLC3_ADH_acidic-lib_sep_rep1.4991.4991.3.0.dta,3,2085.002076,1.000000e+000,1.324424e-002,0.001918,0.919904,1.000000e+000,1.000000e+000
,4,20210521_QExHFX2_RSLC3_ADH_acidic-lib_sep_rep1.7159.7159.4.0.dta,4,2069.005181,1.000000e+000,1.682949e-002,-0.000063,-0.030449,1.000000e+000,1.000000e+000
,5,20210521_QExHFX2_RSLC3_ADH_acidic-lib_sep_rep1.7193.7193.4.0.dta,4,2069.005668,1.000000e+000,2.257739e-002,0.000424,0.204929,1.000000e+000,1.000000e+000
,6,20210521_QExHFX2_RSLC3_ADH_acidic-lib_sep_rep1.7122.7122.3.0.dta,3,2069.006726,1.000000e+000,1.440083e-001,0.001482,0.716286,1.000000e+000,1.000000e+000
,7,20210521_QExHFX2_RSLC3_ADH_acidic-lib_sep_rep1.7165.7165.5.0.dta,5,2069.005681,1.000000e+000,1.774428e-001,0.000437,0.211213,1.000000e+000,1.000000e+000
,8,20210521_QExHFX2_RSLC3_ADH_acidic-lib_sep_rep1.5018.5018.5.0.dta,5,2084.999532,1.000000e+000,4.246344e-001,-0.000626,-0.300240,1.000000e+000,1.000000e+000
,9,20210521_QExHFX2_RSLC3_ADH_acidic-lib_sep_rep1.5246.5246.3.0.dta,3,2069.005417,1.000000e+000,4.859957e-001,0.000173,0.083615,1.000000e+000,1.000000e+000
40,GTGNMELHLSR(6)-TGDTISGK(3),2130.071923,null,sg|P0AG30|RHO_ECOLI (342)-sg|P0AG30|RHO_ECOLI (95)/,Intra-Protein
,1,20210521_QExHFX2_RSLC3_ADH_acidic-lib_sep_rep1.9951.9951.5.0.dta,5,2130.072303,1.000000e+000,2.171981e-001,0.000380,0.178398,1.000000e+000,1.000000e+000
41,GTGNMELHLSR(6)-VLGETIK(4),2127.133794,Oxidation[M](5),sg|P0AG30|RHO_ECOLI (342)-sg|P00864|CAPP_ECOLI (21)/,Inter-Protein
,1,20210521_QExHFX2_RSLC3_ADH_acidic-lib_sep_rep1.10663.10663.3.1.dta,3,2127.133677,1.000000e+000,3.246528e-002,-0.000117,-0.055004,1.000000e+000,1.000000e+000
42,IDGLGIK(2)-MTEAMK(3),1562.839219,null,sg|P37095|PEPB_ECOLI (52)-sg|P37095|PEPB_ECOLI (3)/,Intra-Protein
,1,20210521_QExHFX2_RSLC3_ADH_acidic-lib_sep_rep1.10452.10452.4.0.dta,4,1562.839744,1.000000e+000,2.186604e-001,0.000525,0.335927,1.000000e+000,1.000000e+000
43,ITLSTQPADAR(9)-QNLAQQER(7),2296.211519,null,sg|P37095|PEPB_ECOLI (15)-sg|P27302|TKT1_ECOLI (527)/,Inter-Protein
,1,20210521_QExHFX2_RSLC3_ADH_acidic-lib_sep_rep1.10485.10485.3.0.dta,3,2296.213634,1.000000e+000,4.997788e-005,0.002115,0.921082,1.000000e+000,1.000000e+000
,2,20210521_QExHFX2_RSLC3_ADH_acidic-lib_sep_rep1.10474.10474.3.0.dta,3,2296.213708,1.000000e+000,1.451359e-002,0.002189,0.953309,1.000000e+000,1.000000e+000
44,ITLSTQPADAR(9)-TGDTISGK(3),2088.104270,null,sg|P37095|PEPB_ECOLI (15)-sg|P0AG30|RHO_ECOLI (95)/,Inter-Protein
,1,20210521_QExHFX2_RSLC3_ADH_acidic-lib_sep_rep1.9830.9830.3.0.dta,3,2088.106297,1.000000e+000,1.616089e-005,0.002027,0.970737,1.000000e+000,1.000000e+000
45,LPLAEFHR(5)-SELVNVAK(2),1979.118410,null,sg|P37095|PEPB_ECOLI (349)-sg|P0A850|TIG_ECOLI (31)/,Inter-Protein
,1,20210521_QExHFX2_RSLC3_ADH_acidic-lib_sep_rep1.15610.15610.3.0.dta,3,1979.118765,1.000000e+000,3.731591e-001,0.000355,0.179373,1.000000e+000,1.000000e+000
46,LPVEFVPVR(4)-AELGIPK(2),1920.142836,null,sg|P00864|CAPP_ECOLI (239)-sg|P0A9Q7|ADHE_ECOLI (808)/,Inter-Protein
,1,20210521_QExHFX2_RSLC3_ADH_acidic-lib_sep_rep1.23487.23487.4.0.dta,4,1920.143426,1.000000e+000,9.644670e-004,0.000590,0.307269,1.000000e+000,1.000000e+000
,2,20210521_QExHFX2_RSLC3_ADH_acidic-lib_sep_rep1.23626.23626.3.0.dta,3,1920.142720,1.000000e+000,1.379470e-002,-0.000116,-0.060412,1.000000e+000,1.000000e+000
,3,20210521_QExHFX2_RSLC3_ADH_acidic-lib_sep_rep1.23601.23601.3.0.dta,3,1920.142248,1.000000e+000,3.285914e-001,-0.000588,-0.306227,1.000000e+000,1.000000e+000
,4,20210521_QExHFX2_RSLC3_ADH_acidic-lib_sep_rep1.23645.23645.3.0.dta,3,1920.142590,1.000000e+000,3.784586e-001,-0.000246,-0.128115,1.000000e+000,1.000000e+000
47,LPVEFVPVR(4)-MNLTELK(5),2041.162580,null,sg|P00864|CAPP_ECOLI (239)-sg|P0AG30|RHO_ECOLI (5)/,Inter-Protein
,1,20210521_QExHFX2_RSLC3_ADH_acidic-lib_sep_rep1.25185.25185.3.0.dta,3,2041.162393,1.000000e+000,2.635400e-001,-0.000187,-0.091614,1.000000e+000,1.000000e+000
48,LPVEFVPVR(4)-SLTEIK(4),1883.111203,null,sg|P00864|CAPP_ECOLI (239)-sg|P0A7Z4|RPOA_ECOLI (302)/,Inter-Protein
,1,20210521_QExHFX2_RSLC3_ADH_acidic-lib_sep_rep1.21073.21073.3.0.dta,3,1883.112784,1.000000e+000,9.338475e-003,0.001581,0.839568,1.000000e+000,1.000000e+000
,2,20210521_QExHFX2_RSLC3_ADH_acidic-lib_sep_rep1.21082.21082.4.0.dta,4,1883.113370,1.000000e+000,3.723845e-001,0.002167,1.150755,1.000000e+000,1.000000e+000
,3,20210521_QExHFX2_RSLC3_ADH_acidic-lib_sep_rep1.21041.21041.3.0.dta,3,1883.112996,1.000000e+000,3.877129e-001,0.001793,0.952148,1.000000e+000,1.000000e+000
49,LTAEGVK(4)-AGNDANR(4),1571.824766,null,sg|P27302|TKT1_ECOLI (574)-sg|P00864|CAPP_ECOLI (50)/,Inter-Protein
,1,20210521_QExHFX2_RSLC3_ADH_acidic-lib_sep_rep1.3220.3220.4.0.dta,4,1571.824645,1.000000e+000,1.022300e-002,-0.000121,-0.076981,1.000000e+000,1.000000e+000
,2,20210521_QExHFX2_RSLC3_ADH_acidic-lib_sep_rep1.3212.3212.3.0.dta,3,1571.825728,1.000000e+000,1.358649e-002,0.000962,0.612028,1.000000e+000,1.000000e+000
,3,20210521_QExHFX2_RSLC3_ADH_acidic-lib_sep_rep1.3354.3354.3.0.dta,3,1571.825404,1.000000e+000,8.887413e-002,0.000638,0.405898,1.000000e+000,1.000000e+000
50,LTAEGVK(4)-ILTGDK(5),1500.874344,null,sg|P27302|TKT1_ECOLI (574)-sg|P69222|IF1_ECOLI (51)/,Inter-Protein
,1,20210521_QExHFX2_RSLC3_ADH_acidic-lib_sep_rep1.5435.5435.4.0.dta,4,1500.874085,1.000000e+000,4.606227e-001,-0.000259,-0.172566,1.000000e+000,1.000000e+000
51,MAEITASLVK(3)-AAALAAADAR(8),2100.159280,null,sg|P0A6P1|EFTS_ECOLI (3)-sg|P0A9Q7|ADHE_ECOLI (44)/,Inter-Protein
,1,20210521_QExHFX2_RSLC3_ADH_acidic-lib_sep_rep1.16715.16715.4.0.dta,4,2100.159063,1.000000e+000,3.842777e-007,-0.000217,-0.103325,1.000000e+000,1.000000e+000
,2,20210521_QExHFX2_RSLC3_ADH_acidic-lib_sep_rep1.16702.16702.3.1.dta,3,2100.157781,1.000000e+000,7.244155e-007,-0.001499,-0.713755,1.000000e+000,1.000000e+000
,3,20210521_QExHFX2_RSLC3_ADH_acidic-lib_sep_rep1.16709.16709.3.1.dta,3,2100.157897,1.000000e+000,4.685824e-004,-0.001383,-0.658521,1.000000e+000,1.000000e+000
52,MAEITASLVK(3)-AELGIPK(2),1927.104400,null,sg|P0A6P1|EFTS_ECOLI (3)-sg|P0A9Q7|ADHE_ECOLI (808)/,Inter-Protein
,1,20210521_QExHFX2_RSLC3_ADH_acidic-lib_sep_rep1.20169.20169.3.0.dta,3,1927.105949,1.000000e+000,4.599237e-004,0.001549,0.803797,1.000000e+000,1.000000e+000
,2,20210521_QExHFX2_RSLC3_ADH_acidic-lib_sep_rep1.20146.20146.4.0.dta,4,1927.105472,1.000000e+000,7.538146e-004,0.001072,0.556275,1.000000e+000,1.000000e+000
,3,20210521_QExHFX2_RSLC3_ADH_acidic-lib_sep_rep1.20149.20149.3.0.dta,3,1927.105760,1.000000e+000,4.824020e-002,0.001360,0.705722,1.000000e+000,1.000000e+000
53,MAEITASLVK(3)-ALIVTDR(6),1987.136759,null,sg|P0A6P1|EFTS_ECOLI (3)-sg|P0A9Q7|ADHE_ECOLI (487)/,Inter-Protein
,1,20210521_QExHFX2_RSLC3_ADH_acidic-lib_sep_rep1.19694.19694.3.0.dta,3,1987.140533,1.000000e+000,1.016146e-002,0.003774,1.899215,1.000000e+000,1.000000e+000
,2,20210521_QExHFX2_RSLC3_ADH_acidic-lib_sep_rep1.19744.19744.3.0.dta,3,1987.140326,1.000000e+000,5.824154e-002,0.003567,1.795045,1.000000e+000,1.000000e+000
54,MAEITASLVK(3)-ALSMDAVQK(5),2162.167066,null,sg|P0A6P1|EFTS_ECOLI (3)-sg|P27302|TKT1_ECOLI (17)/,Inter-Protein
,1,20210521_QExHFX2_RSLC3_ADH_acidic-lib_sep_rep1.19121.19121.3.0.dta,3,2162.169425,1.000000e+000,5.162420e-006,0.002359,1.091035,1.000000e+000,1.000000e+000
,2,20210521_QExHFX2_RSLC3_ADH_acidic-lib_sep_rep1.19150.19150.3.0.dta,3,2162.169628,1.000000e+000,2.207092e-003,0.002562,1.184922,1.000000e+000,1.000000e+000
,3,20210521_QExHFX2_RSLC3_ADH_acidic-lib_sep_rep1.19210.19210.3.0.dta,3,2162.167576,1.000000e+000,3.370628e-003,0.000510,0.235874,1.000000e+000,1.000000e+000
,4,20210521_QExHFX2_RSLC3_ADH_acidic-lib_sep_rep1.19137.19137.4.1.dta,4,2162.167476,1.000000e+000,4.508240e-001,0.000410,0.189625,1.000000e+000,1.000000e+000
55,MAEITASLVK(3)-ATDLFLK(3),2007.130612,null,sg|P0A6P1|EFTS_ECOLI (3)-sg|P00864|CAPP_ECOLI (277)/,Inter-Protein
,1,20210521_QExHFX2_RSLC3_ADH_acidic-lib_sep_rep1.23163.23163.3.0.dta,3,2007.132029,1.000000e+000,8.506431e-003,0.001417,0.705983,1.000000e+000,1.000000e+000
,2,20210521_QExHFX2_RSLC3_ADH_acidic-lib_sep_rep1.23189.23189.3.0.dta,3,2007.131557,1.000000e+000,1.688268e-002,0.000945,0.470821,1.000000e+000,1.000000e+000
56,MAEITASLVK(3)-AVQDVILK(4),2085.209919,null,sg|P0A6P1|EFTS_ECOLI (3)-sg|P0A9Q7|ADHE_ECOLI (284)/,Inter-Protein
,1,20210521_QExHFX2_RSLC3_ADH_acidic-lib_sep_rep1.20385.20385.3.1.dta,3,2085.212564,1.000000e+000,5.474772e-005,0.002645,1.268457,1.000000e+000,1.000000e+000
57,MAEITASLVK(3)-QALELPR(4),2026.147657,null,sg|P0A6P1|EFTS_ECOLI (3)-sg|P0A850|TIG_ECOLI (331)/,Inter-Protein
,1,20210521_QExHFX2_RSLC3_ADH_acidic-lib_sep_rep1.21214.21214.3.0.dta,3,2026.147717,1.000000e+000,2.538830e-003,0.000060,0.029613,1.000000e+000,1.000000e+000
58,MAEITASLVK(3)-QTAFMDSMK(6),2258.134050,null,sg|P0A6P1|EFTS_ECOLI (3)-sg|P37095|PEPB_ECOLI (213)/,Inter-Protein
,1,20210521_QExHFX2_RSLC3_ADH_acidic-lib_sep_rep1.20652.20652.3.0.dta,3,2258.137137,1.000000e+000,2.595632e-001,0.003087,1.367058,1.000000e+000,1.000000e+000
59,MNLTELK(5)-AELGIPK(2),1712.972668,null,sg|P0AG30|RHO_ECOLI (5)-sg|P0A9Q7|ADHE_ECOLI (808)/,Inter-Protein
,1,20210521_QExHFX2_RSLC3_ADH_acidic-lib_sep_rep1.18159.18159.3.0.dta,3,1712.974231,1.000000e+000,2.558852e-002,0.001563,0.912449,1.000000e+000,1.000000e+000
,2,20210521_QExHFX2_RSLC3_ADH_acidic-lib_sep_rep1.18219.18219.4.0.dta,4,1712.972896,1.000000e+000,1.247640e-001,0.000228,0.133102,1.000000e+000,1.000000e+000
,3,20210521_QExHFX2_RSLC3_ADH_acidic-lib_sep_rep1.18185.18185.4.0.dta,4,1712.973163,1.000000e+000,4.195103e-001,0.000495,0.288971,1.000000e+000,1.000000e+000
,4,20210521_QExHFX2_RSLC3_ADH_acidic-lib_sep_rep1.18184.18184.4.0.dta,4,1712.973163,1.000000e+000,4.364124e-001,0.000495,0.288971,1.000000e+000,1.000000e+000
60,MNLTELK(5)-AGNDANR(4),1702.865245,null,sg|P0AG30|RHO_ECOLI (5)-sg|P00864|CAPP_ECOLI (50)/,Inter-Protein
,1,20210521_QExHFX2_RSLC3_ADH_acidic-lib_sep_rep1.8453.8453.3.1.dta,3,1702.866970,1.000000e+000,8.228166e-005,0.001725,1.012999,1.000000e+000,1.000000e+000
,2,20210521_QExHFX2_RSLC3_ADH_acidic-lib_sep_rep1.8448.8448.3.0.dta,3,1702.866738,1.000000e+000,1.179585e-004,0.001493,0.876758,1.000000e+000,1.000000e+000
,3,20210521_QExHFX2_RSLC3_ADH_acidic-lib_sep_rep1.8236.8236.3.0.dta,3,1702.865449,1.000000e+000,7.982980e-004,0.000204,0.119798,1.000000e+000,1.000000e+000
,4,20210521_QExHFX2_RSLC3_ADH_acidic-lib_sep_rep1.5634.5634.3.0.dta,3,1718.861419,1.000000e+000,3.124567e-003,0.001260,0.733044,1.000000e+000,1.000000e+000
,5,20210521_QExHFX2_RSLC3_ADH_acidic-lib_sep_rep1.5450.5450.3.0.dta,3,1718.860856,1.000000e+000,3.395307e-003,0.000697,0.405501,1.000000e+000,1.000000e+000
,6,20210521_QExHFX2_RSLC3_ADH_acidic-lib_sep_rep1.8650.8650.3.1.dta,3,1702.864418,1.000000e+000,3.892821e-002,-0.000827,-0.485652,1.000000e+000,1.000000e+000
,7,20210521_QExHFX2_RSLC3_ADH_acidic-lib_sep_rep1.5271.5271.3.1.dta,3,1718.861358,1.000000e+000,7.801916e-002,0.001199,0.697555,1.000000e+000,1.000000e+000
,8,20210521_QExHFX2_RSLC3_ADH_acidic-lib_sep_rep1.8250.8250.4.0.dta,4,1702.864722,1.000000e+000,4.291353e-001,-0.000523,-0.307129,1.000000e+000,1.000000e+000
61,MNLTELK(5)-MNLTELK(5),1849.987326,Oxidation[M](1),sg|P0AG30|RHO_ECOLI (5)-sg|P0AG30|RHO_ECOLI (5)/,Inter-Protein
,1,20210521_QExHFX2_RSLC3_ADH_acidic-lib_sep_rep1.16533.16533.3.0.dta,3,1849.987210,1.000000e+000,1.586150e-005,-0.000116,-0.062703,1.000000e+000,1.000000e+000
62,MNLTELK(5)-VLGETIK(4),1744.998881,null,sg|P0AG30|RHO_ECOLI (5)-sg|P00864|CAPP_ECOLI (21)/,Inter-Protein
,1,20210521_QExHFX2_RSLC3_ADH_acidic-lib_sep_rep1.15908.15908.3.0.dta,3,1744.998485,1.000000e+000,3.552281e-005,-0.000396,-0.226934,1.000000e+000,1.000000e+000
,2,20210521_QExHFX2_RSLC3_ADH_acidic-lib_sep_rep1.16009.16009.3.0.dta,3,1745.000673,1.000000e+000,3.751085e-004,0.001792,1.026935,1.000000e+000,1.000000e+000
,3,20210521_QExHFX2_RSLC3_ADH_acidic-lib_sep_rep1.16045.16045.3.0.dta,3,1745.001205,1.000000e+000,2.493976e-003,0.002324,1.331806,1.000000e+000,1.000000e+000
63,MTEAMK(3)-MTEAMK(3),1573.720428,Oxidation[M](5),sg|P37095|PEPB_ECOLI (3)-sg|P37095|PEPB_ECOLI (3)/,Inter-Protein
,1,20210521_QExHFX2_RSLC3_ADH_acidic-lib_sep_rep1.3603.3603.3.0.dta,3,1573.721168,1.000000e+000,2.019612e-005,0.000740,0.470223,1.000000e+000,1.000000e+000
,2,20210521_QExHFX2_RSLC3_ADH_acidic-lib_sep_rep1.3570.3570.3.0.dta,3,1573.720951,1.000000e+000,3.357619e-003,0.000523,0.332333,1.000000e+000,1.000000e+000
,3,20210521_QExHFX2_RSLC3_ADH_acidic-lib_sep_rep1.3737.3737.3.0.dta,3,1573.720329,1.000000e+000,5.740968e-003,-0.000099,-0.062908,1.000000e+000,1.000000e+000
,4,20210521_QExHFX2_RSLC3_ADH_acidic-lib_sep_rep1.4077.4077.3.0.dta,3,1573.721049,1.000000e+000,3.203428e-002,0.000621,0.394606,1.000000e+000,1.000000e+000
,5,20210521_QExHFX2_RSLC3_ADH_acidic-lib_sep_rep1.3909.3909.3.0.dta,3,1573.721008,1.000000e+000,1.071652e-001,0.000580,0.368553,1.000000e+000,1.000000e+000
,6,20210521_QExHFX2_RSLC3_ADH_acidic-lib_sep_rep1.3123.3123.3.0.dta,3,1589.715872,1.000000e+000,1.163447e-001,0.000530,0.333393,1.000000e+000,1.000000e+000
,7,20210521_QExHFX2_RSLC3_ADH_acidic-lib_sep_rep1.3977.3977.4.0.dta,4,1573.720086,1.000000e+000,1.676492e-001,-0.000342,-0.217319,1.000000e+000,1.000000e+000
,8,20210521_QExHFX2_RSLC3_ADH_acidic-lib_sep_rep1.3593.3593.4.0.dta,4,1573.720179,1.000000e+000,2.565515e-001,-0.000249,-0.158224,1.000000e+000,1.000000e+000
,9,20210521_QExHFX2_RSLC3_ADH_acidic-lib_sep_rep1.2842.2842.4.0.dta,4,1589.715410,1.000000e+000,2.901281e-001,0.000068,0.042775,1.000000e+000,1.000000e+000
,10,20210521_QExHFX2_RSLC3_ADH_acidic-lib_sep_rep1.4697.4697.3.0.dta,3,1573.722082,1.000000e+000,4.177818e-001,0.001654,1.051013,1.000000e+000,1.000000e+000
,11,20210521_QExHFX2_RSLC3_ADH_acidic-lib_sep_rep1.5133.5133.3.0.dta,3,1557.726681,1.000000e+000,4.371317e-001,0.001167,0.749169,1.000000e+000,1.000000e+000
,12,20210521_QExHFX2_RSLC3_ADH_acidic-lib_sep_rep1.3576.3576.4.0.dta,4,1573.720023,1.000000e+000,4.387177e-001,-0.000405,-0.257352,1.000000e+000,1.000000e+000
64,MTEAMK(3)-SLTEIK(4),1537.807587,null,sg|P37095|PEPB_ECOLI (3)-sg|P0A7Z4|RPOA_ECOLI (302)/,Inter-Protein
,1,20210521_QExHFX2_RSLC3_ADH_acidic-lib_sep_rep1.7668.7668.3.0.dta,3,1537.808014,1.000000e+000,4.471845e-002,0.000427,0.277668,1.000000e+000,1.000000e+000
,2,20210521_QExHFX2_RSLC3_ADH_acidic-lib_sep_rep1.7636.7636.3.0.dta,3,1537.807930,1.000000e+000,1.030533e-001,0.000343,0.223045,1.000000e+000,1.000000e+000
,3,20210521_QExHFX2_RSLC3_ADH_acidic-lib_sep_rep1.6184.6184.4.0.dta,4,1553.802598,1.000000e+000,2.008212e-001,0.000097,0.062427,1.000000e+000,1.000000e+000
,4,20210521_QExHFX2_RSLC3_ADH_acidic-lib_sep_rep1.5538.5538.4.0.dta,4,1553.802044,1.000000e+000,2.278749e-001,-0.000457,-0.294117,1.000000e+000,1.000000e+000
65,MVEVNACLK(3)-AGNDANR(4),1917.938083,Carbamidomethyl[C](7),sg|P00864|CAPP_ECOLI (153)-sg|P00864|CAPP_ECOLI (50)/,Intra-Protein
,1,20210521_QExHFX2_RSLC3_ADH_acidic-lib_sep_rep1.8573.8573.4.1.dta,4,1917.938938,1.000000e+000,1.008206e-001,0.000855,0.445791,1.000000e+000,1.000000e+000
66,MVEVNACLK(3)-QNLAQQER(7),2187.112010,Carbamidomethyl[C](7),sg|P00864|CAPP_ECOLI (153)-sg|P27302|TKT1_ECOLI (527)/,Inter-Protein
,1,20210521_QExHFX2_RSLC3_ADH_acidic-lib_sep_rep1.12213.12213.3.0.dta,3,2187.113179,1.000000e+000,5.582288e-002,0.001169,0.534495,1.000000e+000,1.000000e+000
67,MVEVNACLK(3)-TGDTISGK(3),1979.004762,Carbamidomethyl[C](7),sg|P00864|CAPP_ECOLI (153)-sg|P0AG30|RHO_ECOLI (95)/,Inter-Protein
,1,20210521_QExHFX2_RSLC3_ADH_acidic-lib_sep_rep1.11724.11724.4.0.dta,4,1979.005219,1.000000e+000,3.520455e-005,0.000457,0.230924,1.000000e+000,1.000000e+000
,2,20210521_QExHFX2_RSLC3_ADH_acidic-lib_sep_rep1.11676.11676.4.0.dta,4,1979.005751,1.000000e+000,7.771887e-003,0.000989,0.499746,1.000000e+000,1.000000e+000
,3,20210521_QExHFX2_RSLC3_ADH_acidic-lib_sep_rep1.11683.11683.3.0.dta,3,1979.006258,1.000000e+000,9.196985e-003,0.001496,0.755936,1.000000e+000,1.000000e+000
,4,20210521_QExHFX2_RSLC3_ADH_acidic-lib_sep_rep1.11679.11679.3.0.dta,3,1979.005873,1.000000e+000,5.298129e-002,0.001111,0.561393,1.000000e+000,1.000000e+000
68,QALELPR(4)-MTEAMK(3),1673.882476,null,sg|P0A850|TIG_ECOLI (331)-sg|P37095|PEPB_ECOLI (3)/,Inter-Protein
,1,20210521_QExHFX2_RSLC3_ADH_acidic-lib_sep_rep1.11977.11977.3.1.dta,3,1673.883618,1.000000e+000,7.624763e-003,0.001142,0.682246,1.000000e+000,1.000000e+000
,2,20210521_QExHFX2_RSLC3_ADH_acidic-lib_sep_rep1.11794.11794.4.0.dta,4,1673.882508,1.000000e+000,2.952123e-002,0.000032,0.019117,1.000000e+000,1.000000e+000
69,QDGPTALILSR(2)-AELGIPK(2),2035.165749,null,sg|P27302|TKT1_ECOLI (511)-sg|P0A9Q7|ADHE_ECOLI (808)/,Inter-Protein
,1,20210521_QExHFX2_RSLC3_ADH_acidic-lib_sep_rep1.21018.21018.3.2.dta,3,2035.167534,1.000000e+000,4.206416e-001,0.001785,0.877078,1.000000e+000,1.000000e+000
70,QDGPTALILSR(2)-MNLTELK(5),2156.185493,null,sg|P27302|TKT1_ECOLI (511)-sg|P0AG30|RHO_ECOLI (5)/,Inter-Protein
,1,20210521_QExHFX2_RSLC3_ADH_acidic-lib_sep_rep1.23021.23021.3.0.dta,3,2156.183746,1.000000e+000,4.967693e-001,-0.001747,-0.810227,1.000000e+000,1.000000e+000
71,QDGPTALILSR(2)-VLDAAVAGK(3),2151.224321,null,sg|P27302|TKT1_ECOLI (511)-sg|P0A6P1|EFTS_ECOLI (98)/,Inter-Protein
,1,20210521_QExHFX2_RSLC3_ADH_acidic-lib_sep_rep1.18604.18604.4.1.dta,4,2151.224889,1.000000e+000,8.215712e-004,0.000568,0.264036,1.000000e+000,1.000000e+000
,2,20210521_QExHFX2_RSLC3_ADH_acidic-lib_sep_rep1.18598.18598.3.0.dta,3,2151.223687,1.000000e+000,1.235266e-001,-0.000634,-0.294716,1.000000e+000,1.000000e+000
72,QNLAQQER(7)-TGDTISGK(3),1901.978685,null,sg|P27302|TKT1_ECOLI (527)-sg|P0AG30|RHO_ECOLI (95)/,Inter-Protein
,1,20210521_QExHFX2_RSLC3_ADH_acidic-lib_sep_rep1.5308.5308.3.1.dta,3,1901.980338,1.000000e+000,6.955598e-002,0.001653,0.869095,1.000000e+000,1.000000e+000
,2,20210521_QExHFX2_RSLC3_ADH_acidic-lib_sep_rep1.5150.5150.4.0.dta,4,1901.980186,1.000000e+000,8.017586e-002,0.001501,0.789178,1.000000e+000,1.000000e+000
,3,20210521_QExHFX2_RSLC3_ADH_acidic-lib_sep_rep1.5134.5134.3.1.dta,3,1901.980626,1.000000e+000,1.039953e-001,0.001941,1.020516,1.000000e+000,1.000000e+000
,4,20210521_QExHFX2_RSLC3_ADH_acidic-lib_sep_rep1.5145.5145.4.0.dta,4,1901.980249,1.000000e+000,2.028785e-001,0.001564,0.822302,1.000000e+000,1.000000e+000
73,QTAFMDSMK(6)-ALSMDAVQK(5),2158.045241,null,sg|P37095|PEPB_ECOLI (213)-sg|P27302|TKT1_ECOLI (17)/,Inter-Protein
,1,20210521_QExHFX2_RSLC3_ADH_acidic-lib_sep_rep1.16273.16273.3.0.dta,3,2158.046613,1.000000e+000,7.379668e-002,0.001372,0.635761,1.000000e+000,1.000000e+000
74,QTAFMDSMK(6)-ATDLFLK(3),2003.008787,null,sg|P37095|PEPB_ECOLI (213)-sg|P00864|CAPP_ECOLI (277)/,Inter-Protein
,1,20210521_QExHFX2_RSLC3_ADH_acidic-lib_sep_rep1.19916.19916.3.0.dta,3,2003.010607,1.000000e+000,6.602107e-002,0.001820,0.908633,1.000000e+000,1.000000e+000
75,SELVNVAK(2)-ALIVTDR(6),1784.038769,null,sg|P0A850|TIG_ECOLI (31)-sg|P0A9Q7|ADHE_ECOLI (487)/,Inter-Protein
,1,20210521_QExHFX2_RSLC3_ADH_acidic-lib_sep_rep1.13929.13929.3.0.dta,3,1784.040325,1.000000e+000,2.693376e-007,0.001556,0.872178,1.000000e+000,1.000000e+000
,2,20210521_QExHFX2_RSLC3_ADH_acidic-lib_sep_rep1.14170.14170.3.0.dta,3,1784.038709,1.000000e+000,2.962423e-006,-0.000060,-0.033632,1.000000e+000,1.000000e+000
,3,20210521_QExHFX2_RSLC3_ADH_acidic-lib_sep_rep1.13955.13955.4.0.dta,4,1784.039722,1.000000e+000,7.521986e-005,0.000953,0.534181,1.000000e+000,1.000000e+000
,4,20210521_QExHFX2_RSLC3_ADH_acidic-lib_sep_rep1.14110.14110.4.1.dta,4,1784.037902,1.000000e+000,2.870999e-002,-0.000867,-0.485976,1.000000e+000,1.000000e+000
,5,20210521_QExHFX2_RSLC3_ADH_acidic-lib_sep_rep1.13986.13986.3.0.dta,3,1784.039553,1.000000e+000,2.240481e-001,0.000784,0.439452,1.000000e+000,1.000000e+000
76,SELVNVAK(2)-IDGLGIK(2),1712.006410,null,sg|P0A850|TIG_ECOLI (31)-sg|P37095|PEPB_ECOLI (52)/,Inter-Protein
,1,20210521_QExHFX2_RSLC3_ADH_acidic-lib_sep_rep1.14863.14863.4.0.dta,4,1712.006890,1.000000e+000,1.777674e-003,0.000480,0.280373,1.000000e+000,1.000000e+000
,2,20210521_QExHFX2_RSLC3_ADH_acidic-lib_sep_rep1.14907.14907.4.1.dta,4,1712.006908,1.000000e+000,1.897460e-003,0.000498,0.290887,1.000000e+000,1.000000e+000
,3,20210521_QExHFX2_RSLC3_ADH_acidic-lib_sep_rep1.14918.14918.4.3.dta,4,1712.006864,1.000000e+000,1.990534e-003,0.000454,0.265186,1.000000e+000,1.000000e+000
77,SELVNVAK(2)-MTEAMK(3),1706.892705,null,sg|P0A850|TIG_ECOLI (31)-sg|P37095|PEPB_ECOLI (3)/,Inter-Protein
,1,20210521_QExHFX2_RSLC3_ADH_acidic-lib_sep_rep1.8714.8714.3.0.dta,3,1706.893806,1.000000e+000,3.797263e-004,0.001101,0.645032,1.000000e+000,1.000000e+000
,2,20210521_QExHFX2_RSLC3_ADH_acidic-lib_sep_rep1.7237.7237.3.0.dta,3,1722.888212,1.000000e+000,6.917976e-003,0.000593,0.344190,1.000000e+000,1.000000e+000
,3,20210521_QExHFX2_RSLC3_ADH_acidic-lib_sep_rep1.6500.6500.3.1.dta,3,1722.888469,1.000000e+000,2.329013e-002,0.000850,0.493358,1.000000e+000,1.000000e+000
,4,20210521_QExHFX2_RSLC3_ADH_acidic-lib_sep_rep1.7254.7254.4.0.dta,4,1722.888624,1.000000e+000,4.455427e-002,0.001005,0.583323,1.000000e+000,1.000000e+000
,5,20210521_QExHFX2_RSLC3_ADH_acidic-lib_sep_rep1.7270.7270.4.0.dta,4,1722.888908,1.000000e+000,1.725802e-001,0.001289,0.748163,1.000000e+000,1.000000e+000
,6,20210521_QExHFX2_RSLC3_ADH_acidic-lib_sep_rep1.8731.8731.4.0.dta,4,1706.893008,1.000000e+000,4.547028e-001,0.000303,0.177516,1.000000e+000,1.000000e+000
78,SELVNVAK(2)-QALELPR(4),1823.049667,null,sg|P0A850|TIG_ECOLI (31)-sg|P0A850|TIG_ECOLI (331)/,Intra-Protein
,1,20210521_QExHFX2_RSLC3_ADH_acidic-lib_sep_rep1.16027.16027.4.0.dta,4,1823.052022,1.000000e+000,2.898411e-003,0.002355,1.291791,1.000000e+000,1.000000e+000
,2,20210521_QExHFX2_RSLC3_ADH_acidic-lib_sep_rep1.15945.15945.3.0.dta,3,1823.054142,1.000000e+000,3.748315e-002,0.004475,2.454678,1.000000e+000,1.000000e+000
,3,20210521_QExHFX2_RSLC3_ADH_acidic-lib_sep_rep1.16000.16000.4.0.dta,4,1823.051444,1.000000e+000,4.578904e-002,0.001777,0.974740,1.000000e+000,1.000000e+000
,4,20210521_QExHFX2_RSLC3_ADH_acidic-lib_sep_rep1.16059.16059.3.0.dta,3,1823.052805,1.000000e+000,1.007997e-001,0.003138,1.721292,1.000000e+000,1.000000e+000
,5,20210521_QExHFX2_RSLC3_ADH_acidic-lib_sep_rep1.16026.16026.4.0.dta,4,1823.052022,1.000000e+000,2.768620e-001,0.002355,1.291791,1.000000e+000,1.000000e+000
79,SELVNVAK(2)-SELVNVAK(2),1856.059896,null,sg|P0A850|TIG_ECOLI (31)-sg|P0A850|TIG_ECOLI (31)/,Inter-Protein
,1,20210521_QExHFX2_RSLC3_ADH_acidic-lib_sep_rep1.12812.12812.4.0.dta,4,1856.059775,1.000000e+000,1.298078e-002,-0.000121,-0.065192,1.000000e+000,1.000000e+000
80,SNVPALEACPQK(7)-AAALAAADAR(8),2351.224724,Carbamidomethyl[C](9),sg|P0A7S3|RS12_ECOLI (25)-sg|P0A9Q7|ADHE_ECOLI (44)/,Inter-Protein
,1,20210521_QExHFX2_RSLC3_ADH_acidic-lib_sep_rep1.12493.12493.3.0.dta,3,2351.222894,1.000000e+000,4.762414e-002,-0.001830,-0.778318,1.000000e+000,1.000000e+000
81,SNVPALEACPQK(7)-SLTEIK(4),2141.138211,Carbamidomethyl[C](9),sg|P0A7S3|RS12_ECOLI (25)-sg|P0A7Z4|RPOA_ECOLI (302)/,Inter-Protein
,1,20210521_QExHFX2_RSLC3_ADH_acidic-lib_sep_rep1.13559.13559.3.0.dta,3,2141.132644,1.000000e+000,3.509541e-001,-0.005567,-2.600019,1.000000e+000,1.000000e+000
82,SNVPALEACPQKR(7)-AAALAAADAR(8),2507.325826,Carbamidomethyl[C](9),sg|P0A7S3|RS12_ECOLI (25)-sg|P0A9Q7|ADHE_ECOLI (44)/,Inter-Protein
,1,20210521_QExHFX2_RSLC3_ADH_acidic-lib_sep_rep1.10113.10113.3.1.dta,3,2507.330747,1.000000e+000,9.555529e-005,0.004921,1.962649,1.000000e+000,1.000000e+000
,2,20210521_QExHFX2_RSLC3_ADH_acidic-lib_sep_rep1.10120.10120.3.1.dta,3,2507.330218,1.000000e+000,2.721758e-004,0.004392,1.751667,1.000000e+000,1.000000e+000
,3,20210521_QExHFX2_RSLC3_ADH_acidic-lib_sep_rep1.10193.10193.4.0.dta,4,2507.326878,1.000000e+000,1.830440e-002,0.001052,0.419571,1.000000e+000,1.000000e+000
83,SNVPALEACPQKR(7)-AGNDANR(4),2324.163522,Carbamidomethyl[C](9),sg|P0A7S3|RS12_ECOLI (25)-sg|P00864|CAPP_ECOLI (50)/,Inter-Protein
,1,20210521_QExHFX2_RSLC3_ADH_acidic-lib_sep_rep1.5925.5925.4.0.dta,4,2324.164175,1.000000e+000,4.531502e-003,0.000653,0.280961,1.000000e+000,1.000000e+000
,2,20210521_QExHFX2_RSLC3_ADH_acidic-lib_sep_rep1.5883.5883.3.0.dta,3,2324.165337,1.000000e+000,2.015701e-001,0.001815,0.780926,1.000000e+000,1.000000e+000
,3,20210521_QExHFX2_RSLC3_ADH_acidic-lib_sep_rep1.5953.5953.5.0.dta,5,2324.164035,1.000000e+000,2.467038e-001,0.000513,0.220725,1.000000e+000,1.000000e+000
,4,20210521_QExHFX2_RSLC3_ADH_acidic-lib_sep_rep1.5754.5754.4.1.dta,4,2324.164043,1.000000e+000,3.524601e-001,0.000521,0.224167,1.000000e+000,1.000000e+000
84,SNVPALEACPQKR(7)-ATDLFLK(3),2414.297158,Carbamidomethyl[C](9),sg|P0A7S3|RS12_ECOLI (25)-sg|P00864|CAPP_ECOLI (277)/,Inter-Protein
,1,20210521_QExHFX2_RSLC3_ADH_acidic-lib_sep_rep1.15389.15389.5.0.dta,5,2414.296896,1.000000e+000,9.015168e-004,-0.000262,-0.108520,1.000000e+000,1.000000e+000
,2,20210521_QExHFX2_RSLC3_ADH_acidic-lib_sep_rep1.15248.15248.4.2.dta,4,2414.299323,1.000000e+000,4.129872e-001,0.002165,0.896741,1.000000e+000,1.000000e+000
85,SNVPALEACPQKR(7)-LPVEFVPVR(4),2662.460857,Carbamidomethyl[C](9),sg|P0A7S3|RS12_ECOLI (25)-sg|P00864|CAPP_ECOLI (239)/,Inter-Protein
,1,20210521_QExHFX2_RSLC3_ADH_acidic-lib_sep_rep1.19035.19035.5.1.dta,5,2662.465385,1.000000e+000,1.909835e-002,0.004528,1.700682,1.000000e+000,1.000000e+000
,2,20210521_QExHFX2_RSLC3_ADH_acidic-lib_sep_rep1.19023.19023.5.0.dta,5,2662.465064,1.000000e+000,1.286991e-001,0.004207,1.580117,1.000000e+000,1.000000e+000
,3,20210521_QExHFX2_RSLC3_ADH_acidic-lib_sep_rep1.18997.18997.3.0.dta,3,2662.461568,1.000000e+000,1.320768e-001,0.000711,0.267046,1.000000e+000,1.000000e+000
,4,20210521_QExHFX2_RSLC3_ADH_acidic-lib_sep_rep1.19008.19008.3.0.dta,3,2662.461239,1.000000e+000,2.267893e-001,0.000382,0.143476,1.000000e+000,1.000000e+000
,5,20210521_QExHFX2_RSLC3_ADH_acidic-lib_sep_rep1.19032.19032.5.1.dta,5,2662.465414,1.000000e+000,2.758391e-001,0.004557,1.711574,1.000000e+000,1.000000e+000
86,SNVPALEACPQKR(7)-MVEVNACLK(3),2670.363527,Carbamidomethyl[C](9);Carbamidomethyl[C](23),sg|P0A7S3|RS12_ECOLI (25)-sg|P00864|CAPP_ECOLI (153)/,Inter-Protein
,1,20210521_QExHFX2_RSLC3_ADH_acidic-lib_sep_rep1.14136.14136.4.0.dta,4,2670.365156,1.000000e+000,4.206435e-002,0.001629,0.610029,1.000000e+000,1.000000e+000
87,SNVPALEACPQKR(7)-SLTEIK(4),2297.239313,Carbamidomethyl[C](9),sg|P0A7S3|RS12_ECOLI (25)-sg|P0A7Z4|RPOA_ECOLI (302)/,Inter-Protein
,1,20210521_QExHFX2_RSLC3_ADH_acidic-lib_sep_rep1.11021.11021.4.0.dta,4,2297.240571,1.000000e+000,4.291257e-002,0.001258,0.547614,1.000000e+000,1.000000e+000
,2,20210521_QExHFX2_RSLC3_ADH_acidic-lib_sep_rep1.10827.10827.5.0.dta,5,2297.240724,1.000000e+000,9.276265e-002,0.001411,0.614216,1.000000e+000,1.000000e+000
,3,20210521_QExHFX2_RSLC3_ADH_acidic-lib_sep_rep1.10751.10751.3.0.dta,3,2297.240492,1.000000e+000,1.789541e-001,0.001179,0.513225,1.000000e+000,1.000000e+000
,4,20210521_QExHFX2_RSLC3_ADH_acidic-lib_sep_rep1.10987.10987.5.0.dta,5,2297.239222,1.000000e+000,2.766420e-001,-0.000091,-0.039613,1.000000e+000,1.000000e+000
,5,20210521_QExHFX2_RSLC3_ADH_acidic-lib_sep_rep1.11026.11026.3.0.dta,3,2297.241228,1.000000e+000,3.062389e-001,0.001915,0.833609,1.000000e+000,1.000000e+000
88,SNVPALEACPQKR(7)-SNVPALEACPQKR(7),3076.588967,Carbamidomethyl[C](9);Carbamidomethyl[C](25),sg|P0A7S3|RS12_ECOLI (25)-sg|P0A7S3|RS12_ECOLI (25)/,Inter-Protein
,1,20210521_QExHFX2_RSLC3_ADH_acidic-lib_sep_rep1.10994.10994.6.0.dta,6,3076.590048,1.000000e+000,1.810737e-001,0.001081,0.351363,1.000000e+000,1.000000e+000
,2,20210521_QExHFX2_RSLC3_ADH_acidic-lib_sep_rep1.10956.10956.4.0.dta,4,3076.592032,1.000000e+000,2.910620e-001,0.003065,0.996233,1.000000e+000,1.000000e+000
,3,20210521_QExHFX2_RSLC3_ADH_acidic-lib_sep_rep1.11138.11138.5.0.dta,5,3076.590250,1.000000e+000,3.669548e-001,0.001283,0.417020,1.000000e+000,1.000000e+000
,4,20210521_QExHFX2_RSLC3_ADH_acidic-lib_sep_rep1.10990.10990.6.0.dta,6,3076.590194,1.000000e+000,3.907606e-001,0.001227,0.398818,1.000000e+000,1.000000e+000
,5,20210521_QExHFX2_RSLC3_ADH_acidic-lib_sep_rep1.11056.11056.4.0.dta,4,3076.591531,1.000000e+000,4.102604e-001,0.002564,0.833390,1.000000e+000,1.000000e+000
89,SNVPALEACPQKR(7)-TGAGMMDCK(7),2577.215155,Carbamidomethyl[C](9);Carbamidomethyl[C](24),sg|P0A7S3|RS12_ECOLI (25)-sg|P0A6P1|EFTS_ECOLI (22)/,Inter-Protein
,1,20210521_QExHFX2_RSLC3_ADH_acidic-lib_sep_rep1.10126.10126.3.0.dta,3,2577.219007,1.000000e+000,1.121844e-001,0.003852,1.494637,1.000000e+000,1.000000e+000
90,SQAIEGLVK(5)-IDGLGIK(2),1797.059170,null,sg|P0A850|TIG_ECOLI (292)-sg|P37095|PEPB_ECOLI (52)/,Inter-Protein
,1,20210521_QExHFX2_RSLC3_ADH_acidic-lib_sep_rep1.16870.16870.3.0.dta,3,1797.058263,1.000000e+000,2.121672e-005,-0.000907,-0.504713,1.000000e+000,1.000000e+000
,2,20210521_QExHFX2_RSLC3_ADH_acidic-lib_sep_rep1.16867.16867.3.0.dta,3,1797.058263,1.000000e+000,3.632880e-003,-0.000907,-0.504713,1.000000e+000,1.000000e+000
91,SQAIEGLVK(5)-MTEAMK(3),1791.945464,null,sg|P0A850|TIG_ECOLI (292)-sg|P37095|PEPB_ECOLI (3)/,Inter-Protein
,1,20210521_QExHFX2_RSLC3_ADH_acidic-lib_sep_rep1.10294.10294.3.0.dta,3,1791.945503,1.000000e+000,1.741273e-004,0.000039,0.021764,1.000000e+000,1.000000e+000
,2,20210521_QExHFX2_RSLC3_ADH_acidic-lib_sep_rep1.10307.10307.3.0.dta,3,1791.945811,1.000000e+000,1.668984e-003,0.000347,0.193644,1.000000e+000,1.000000e+000
,3,20210521_QExHFX2_RSLC3_ADH_acidic-lib_sep_rep1.10507.10507.3.0.dta,3,1791.945776,1.000000e+000,3.444418e-003,0.000312,0.174112,1.000000e+000,1.000000e+000
,4,20210521_QExHFX2_RSLC3_ADH_acidic-lib_sep_rep1.8883.8883.3.0.dta,3,1807.941789,1.000000e+000,1.158244e-001,0.001410,0.779893,1.000000e+000,1.000000e+000
,5,20210521_QExHFX2_RSLC3_ADH_acidic-lib_sep_rep1.8047.8047.3.0.dta,3,1807.940294,1.000000e+000,2.068235e-001,-0.000085,-0.047015,1.000000e+000,1.000000e+000
,6,20210521_QExHFX2_RSLC3_ADH_acidic-lib_sep_rep1.10735.10735.3.0.dta,3,1791.946987,1.000000e+000,2.656336e-001,0.001523,0.849914,1.000000e+000,1.000000e+000
92,SQAIEGLVK(5)-QALELPR(4),1908.102427,null,sg|P0A850|TIG_ECOLI (292)-sg|P0A850|TIG_ECOLI (331)/,Intra-Protein
,1,20210521_QExHFX2_RSLC3_ADH_acidic-lib_sep_rep1.17724.17724.3.1.dta,3,1908.102401,1.000000e+000,1.092993e-002,-0.000026,-0.013626,1.000000e+000,1.000000e+000
93,SQAIEGLVK(5)-QNLAQQER(7),2068.125674,null,sg|P0A850|TIG_ECOLI (292)-sg|P27302|TKT1_ECOLI (527)/,Inter-Protein
,1,20210521_QExHFX2_RSLC3_ADH_acidic-lib_sep_rep1.10698.10698.3.0.dta,3,2068.128247,1.000000e+000,8.907572e-006,0.002573,1.244122,1.000000e+000,1.000000e+000
,2,20210521_QExHFX2_RSLC3_ADH_acidic-lib_sep_rep1.10729.10729.3.0.dta,3,2068.127710,1.000000e+000,4.029030e-002,0.002036,0.984466,1.000000e+000,1.000000e+000
,3,20210521_QExHFX2_RSLC3_ADH_acidic-lib_sep_rep1.10971.10971.3.1.dta,3,2068.128188,1.000000e+000,2.328318e-001,0.002514,1.215593,1.000000e+000,1.000000e+000
94,SQAIEGLVK(5)-SELVNVAK(2),1941.112655,null,sg|P0A850|TIG_ECOLI (292)-sg|P0A850|TIG_ECOLI (31)/,Intra-Protein
,1,20210521_QExHFX2_RSLC3_ADH_acidic-lib_sep_rep1.14476.14476.4.0.dta,4,1941.113776,1.000000e+000,5.369492e-004,0.001121,0.577504,1.000000e+000,1.000000e+000
,2,20210521_QExHFX2_RSLC3_ADH_acidic-lib_sep_rep1.14446.14446.3.0.dta,3,1941.115108,1.000000e+000,1.446834e-003,0.002453,1.263708,1.000000e+000,1.000000e+000
95,SQAIEGLVK(5)-TGDTISGK(3),1860.018426,null,sg|P0A850|TIG_ECOLI (292)-sg|P0AG30|RHO_ECOLI (95)/,Inter-Protein
,1,20210521_QExHFX2_RSLC3_ADH_acidic-lib_sep_rep1.9868.9868.4.0.dta,4,1860.020007,1.000000e+000,3.344893e-003,0.001581,0.849992,1.000000e+000,1.000000e+000
,2,20210521_QExHFX2_RSLC3_ADH_acidic-lib_sep_rep1.9848.9848.4.0.dta,4,1860.019656,1.000000e+000,7.176009e-003,0.001230,0.661284,1.000000e+000,1.000000e+000
96,TGAGMMDCK(7)-AGNDANR(4),1840.784625,Carbamidomethyl[C](8);Oxidation[M](5),sg|P0A6P1|EFTS_ECOLI (22)-sg|P00864|CAPP_ECOLI (50)/,Inter-Protein
,1,20210521_QExHFX2_RSLC3_ADH_acidic-lib_sep_rep1.2673.2673.3.0.dta,3,1840.785618,1.000000e+000,5.222203e-003,0.000993,0.539444,1.000000e+000,1.000000e+000
,2,20210521_QExHFX2_RSLC3_ADH_acidic-lib_sep_rep1.3857.3857.3.0.dta,3,1824.790616,1.000000e+000,2.749797e-002,0.000906,0.496496,1.000000e+000,1.000000e+000
,3,20210521_QExHFX2_RSLC3_ADH_acidic-lib_sep_rep1.3855.3855.3.0.dta,3,1824.790616,1.000000e+000,1.535337e-001,0.000906,0.496496,1.000000e+000,1.000000e+000
97,TGAGMMDCK(7)-ALSMDAVQK(5),2069.959800,Carbamidomethyl[C](8),sg|P0A6P1|EFTS_ECOLI (22)-sg|P27302|TKT1_ECOLI (17)/,Inter-Protein
,1,20210521_QExHFX2_RSLC3_ADH_acidic-lib_sep_rep1.12063.12063.3.0.dta,3,2069.961147,1.000000e+000,6.562559e-008,0.001347,0.650737,1.000000e+000,1.000000e+000
,2,20210521_QExHFX2_RSLC3_ADH_acidic-lib_sep_rep1.12098.12098.4.3.dta,4,2069.962277,1.000000e+000,1.293577e-001,0.002477,1.196642,1.000000e+000,1.000000e+000
98,TGAGMMDCK(7)-IDGLGIK(2),1822.897134,Carbamidomethyl[C](8),sg|P0A6P1|EFTS_ECOLI (22)-sg|P37095|PEPB_ECOLI (52)/,Inter-Protein
,1,20210521_QExHFX2_RSLC3_ADH_acidic-lib_sep_rep1.13093.13093.3.0.dta,3,1822.896731,1.000000e+000,6.318250e-005,-0.000403,-0.221077,1.000000e+000,1.000000e+000
,2,20210521_QExHFX2_RSLC3_ADH_acidic-lib_sep_rep1.13073.13073.3.1.dta,3,1822.895277,1.000000e+000,1.793629e-004,-0.001857,-1.018708,1.000000e+000,1.000000e+000
99,TGAGMMDCK(7)-LTAEGVK(4),1824.876399,Carbamidomethyl[C](8),sg|P0A6P1|EFTS_ECOLI (22)-sg|P27302|TKT1_ECOLI (574)/,Inter-Protein
,1,20210521_QExHFX2_RSLC3_ADH_acidic-lib_sep_rep1.7645.7645.3.0.dta,3,1824.877143,1.000000e+000,1.069411e-002,0.000744,0.407699,1.000000e+000,1.000000e+000
,2,20210521_QExHFX2_RSLC3_ADH_acidic-lib_sep_rep1.5552.5552.3.0.dta,3,1840.873495,1.000000e+000,1.100461e-001,0.002182,1.185308,1.000000e+000,1.000000e+000
,3,20210521_QExHFX2_RSLC3_ADH_acidic-lib_sep_rep1.7750.7750.3.1.dta,3,1824.877444,1.000000e+000,2.847238e-001,0.001045,0.572642,1.000000e+000,1.000000e+000
100,TGAGMMDCK(7)-QNLAQQER(7),2093.963638,Carbamidomethyl[C](8),sg|P0A6P1|EFTS_ECOLI (22)-sg|P27302|TKT1_ECOLI (527)/,Inter-Protein
,1,20210521_QExHFX2_RSLC3_ADH_acidic-lib_sep_rep1.7226.7226.3.0.dta,3,2093.965223,1.000000e+000,4.878506e-001,0.001585,0.756938,1.000000e+000,1.000000e+000
101,TGAGMMDCK(7)-TGAGMMDCK(7),2077.841343,Carbamidomethyl[C](8);Carbamidomethyl[C](20),sg|P0A6P1|EFTS_ECOLI (22)-sg|P0A6P1|EFTS_ECOLI (22)/,Inter-Protein
,1,20210521_QExHFX2_RSLC3_ADH_acidic-lib_sep_rep1.8968.8968.3.0.dta,3,2077.842529,1.000000e+000,1.143792e-001,0.001186,0.570785,1.000000e+000,1.000000e+000
,2,20210521_QExHFX2_RSLC3_ADH_acidic-lib_sep_rep1.6284.6284.3.0.dta,3,2093.840134,1.000000e+000,2.906764e-001,0.003877,1.851625,1.000000e+000,1.000000e+000
,3,20210521_QExHFX2_RSLC3_ADH_acidic-lib_sep_rep1.9016.9016.3.0.dta,3,2077.842269,1.000000e+000,4.344804e-001,0.000926,0.445655,1.000000e+000,1.000000e+000
102,TGAGMMDCK(7)-VLDAAVAGK(3),1950.955705,Carbamidomethyl[C](8),sg|P0A6P1|EFTS_ECOLI (22)-sg|P0A6P1|EFTS_ECOLI (98)/,Intra-Protein
,1,20210521_QExHFX2_RSLC3_ADH_acidic-lib_sep_rep1.9992.9992.3.0.dta,3,1950.956680,1.000000e+000,3.180358e-005,0.000975,0.499755,1.000000e+000,1.000000e+000
103,TGDTISGK(3)-AGNDANR(4),1632.804757,null,sg|P0AG30|RHO_ECOLI (95)-sg|P00864|CAPP_ECOLI (50)/,Inter-Protein
,1,20210521_QExHFX2_RSLC3_ADH_acidic-lib_sep_rep1.2402.2402.4.0.dta,4,1632.804111,1.000000e+000,4.288796e-001,-0.000646,-0.395638,1.000000e+000,1.000000e+000
104,TGDTISGK(3)-ELEANGK(3),1675.860873,null,sg|P0AG30|RHO_ECOLI (95)-sg|P0A8T7|RPOC_ECOLI (1293)/,Inter-Protein
,1,20210521_QExHFX2_RSLC3_ADH_acidic-lib_sep_rep1.6986.6986.3.0.dta,3,1675.861313,1.000000e+000,2.796958e-001,0.000440,0.262552,1.000000e+000,1.000000e+000
105,TGDTISGK(3)-GVMTDR(5),1609.796167,Oxidation[M](14),sg|P0AG30|RHO_ECOLI (95)-sg|P0A7W7|RS8_ECOLI (113)/,Inter-Protein
,1,20210521_QExHFX2_RSLC3_ADH_acidic-lib_sep_rep1.24828.24828.3.2.dta,3,1609.796202,1.000000e+000,3.838338e-001,0.000035,0.021742,1.000000e+000,1.000000e+000
106,TGDTISGK(3)-MNLTELK(5),1779.926838,Oxidation[M](12),sg|P0AG30|RHO_ECOLI (95)-sg|P0AG30|RHO_ECOLI (5)/,Intra-Protein
,1,20210521_QExHFX2_RSLC3_ADH_acidic-lib_sep_rep1.8440.8440.3.1.dta,3,1779.926596,1.000000e+000,1.076971e-004,-0.000242,-0.135961,1.000000e+000,1.000000e+000
,2,20210521_QExHFX2_RSLC3_ADH_acidic-lib_sep_rep1.11766.11766.3.0.dta,3,1763.933039,1.000000e+000,1.307987e-004,0.001115,0.632111,1.000000e+000,1.000000e+000
,3,20210521_QExHFX2_RSLC3_ADH_acidic-lib_sep_rep1.8365.8365.3.0.dta,3,1779.925744,1.000000e+000,1.655476e-003,-0.001094,-0.614632,1.000000e+000,1.000000e+000
,4,20210521_QExHFX2_RSLC3_ADH_acidic-lib_sep_rep1.11715.11715.4.0.dta,4,1763.931161,1.000000e+000,1.370064e-001,-0.000763,-0.432556,1.000000e+000,1.000000e+000
107,TGDTISGK(3)-TGDTISGK(3),1693.871436,null,sg|P0AG30|RHO_ECOLI (95)-sg|P0AG30|RHO_ECOLI (95)/,Inter-Protein
,1,20210521_QExHFX2_RSLC3_ADH_acidic-lib_sep_rep1.4382.4382.3.0.dta,3,1693.872129,1.000000e+000,1.402181e-001,0.000693,0.409122,1.000000e+000,1.000000e+000
,2,20210521_QExHFX2_RSLC3_ADH_acidic-lib_sep_rep1.4550.4550.3.0.dta,3,1693.871924,1.000000e+000,1.646828e-001,0.000488,0.288097,1.000000e+000,1.000000e+000
,3,20210521_QExHFX2_RSLC3_ADH_acidic-lib_sep_rep1.4322.4322.4.0.dta,4,1693.871105,1.000000e+000,4.561432e-001,-0.000331,-0.195410,1.000000e+000,1.000000e+000
108,TGDTISGK(3)-VLGETIK(4),1674.938393,null,sg|P0AG30|RHO_ECOLI (95)-sg|P00864|CAPP_ECOLI (21)/,Inter-Protein
,1,20210521_QExHFX2_RSLC3_ADH_acidic-lib_sep_rep1.7695.7695.3.0.dta,3,1674.939381,1.000000e+000,1.159623e-003,0.000988,0.589872,1.000000e+000,1.000000e+000
,2,20210521_QExHFX2_RSLC3_ADH_acidic-lib_sep_rep1.7763.7763.4.0.dta,4,1674.938498,1.000000e+000,8.115772e-002,0.000105,0.062689,1.000000e+000,1.000000e+000
,3,20210521_QExHFX2_RSLC3_ADH_acidic-lib_sep_rep1.7729.7729.4.0.dta,4,1674.938461,1.000000e+000,1.688963e-001,0.000068,0.040599,1.000000e+000,1.000000e+000
109,VLDAAVAGK(3)-AVQDVILK(4),1866.117015,null,sg|P0A6P1|EFTS_ECOLI (98)-sg|P0A9Q7|ADHE_ECOLI (284)/,Inter-Protein
,1,20210521_QExHFX2_RSLC3_ADH_acidic-lib_sep_rep1.14071.14071.4.0.dta,4,1866.117016,1.000000e+000,2.460370e-003,0.000001,0.000536,1.000000e+000,1.000000e+000
,2,20210521_QExHFX2_RSLC3_ADH_acidic-lib_sep_rep1.14083.14083.4.0.dta,4,1866.117091,1.000000e+000,1.042881e-002,0.000076,0.040726,1.000000e+000,1.000000e+000
,3,20210521_QExHFX2_RSLC3_ADH_acidic-lib_sep_rep1.14056.14056.3.1.dta,3,1866.117564,1.000000e+000,1.547057e-001,0.000549,0.294194,1.000000e+000,1.000000e+000
110,VLDAAVAGK(3)-IDGLGIK(2),1696.011496,null,sg|P0A6P1|EFTS_ECOLI (98)-sg|P37095|PEPB_ECOLI (52)/,Inter-Protein
,1,20210521_QExHFX2_RSLC3_ADH_acidic-lib_sep_rep1.9993.9993.3.0.dta,3,1696.012233,1.000000e+000,6.993619e-002,0.000737,0.434549,1.000000e+000,1.000000e+000
111,VLDAAVAGK(3)-MTEAMK(3),1690.897791,null,sg|P0A6P1|EFTS_ECOLI (98)-sg|P37095|PEPB_ECOLI (3)/,Inter-Protein
,1,20210521_QExHFX2_RSLC3_ADH_acidic-lib_sep_rep1.7956.7956.4.0.dta,4,1690.897475,1.000000e+000,1.768574e-004,-0.000316,-0.186883,1.000000e+000,1.000000e+000
,2,20210521_QExHFX2_RSLC3_ADH_acidic-lib_sep_rep1.7961.7961.4.0.dta,4,1690.897354,1.000000e+000,2.048864e-004,-0.000437,-0.258443,1.000000e+000,1.000000e+000
,3,20210521_QExHFX2_RSLC3_ADH_acidic-lib_sep_rep1.7937.7937.4.0.dta,4,1690.897376,1.000000e+000,6.187440e-004,-0.000415,-0.245432,1.000000e+000,1.000000e+000
,4,20210521_QExHFX2_RSLC3_ADH_acidic-lib_sep_rep1.8039.8039.4.0.dta,4,1690.896795,1.000000e+000,1.407989e-001,-0.000996,-0.589036,1.000000e+000,1.000000e+000
,5,20210521_QExHFX2_RSLC3_ADH_acidic-lib_sep_rep1.7923.7923.3.0.dta,3,1690.897691,1.000000e+000,3.407104e-001,-0.000100,-0.059140,1.000000e+000,1.000000e+000
112,VLDAAVAGK(3)-QNLAQQER(7),1967.078001,null,sg|P0A6P1|EFTS_ECOLI (98)-sg|P27302|TKT1_ECOLI (527)/,Inter-Protein
,1,20210521_QExHFX2_RSLC3_ADH_acidic-lib_sep_rep1.8345.8345.3.0.dta,3,1967.079237,1.000000e+000,3.929871e-006,0.001236,0.628343,1.000000e+000,1.000000e+000
,2,20210521_QExHFX2_RSLC3_ADH_acidic-lib_sep_rep1.8361.8361.4.0.dta,4,1967.078644,1.000000e+000,3.328393e-002,0.000643,0.326881,1.000000e+000,1.000000e+000
113,VLDAAVAGK(3)-SLTEIK(4),1670.979863,null,sg|P0A6P1|EFTS_ECOLI (98)-sg|P0A7Z4|RPOA_ECOLI (302)/,Inter-Protein
,1,20210521_QExHFX2_RSLC3_ADH_acidic-lib_sep_rep1.10908.10908.3.0.dta,3,1670.980852,1.000000e+000,3.394021e-003,0.000989,0.591868,1.000000e+000,1.000000e+000
,2,20210521_QExHFX2_RSLC3_ADH_acidic-lib_sep_rep1.10921.10921.4.1.dta,4,1670.979776,1.000000e+000,3.375130e-001,-0.000087,-0.052065,1.000000e+000,1.000000e+000
114,VLDAAVAGK(3)-VLDAAVAGK(3),1824.070068,null,sg|P0A6P1|EFTS_ECOLI (98)-sg|P0A6P1|EFTS_ECOLI (98)/,Inter-Protein
,1,20210521_QExHFX2_RSLC3_ADH_acidic-lib_sep_rep1.11036.11036.3.0.dta,3,1824.071014,1.000000e+000,2.124484e-001,0.000946,0.518620,1.000000e+000,1.000000e+000
115,VLGETIK(4)-AGNDANR(4),1613.871714,null,sg|P00864|CAPP_ECOLI (21)-sg|P00864|CAPP_ECOLI (50)/,Intra-Protein
,1,20210521_QExHFX2_RSLC3_ADH_acidic-lib_sep_rep1.4828.4828.3.0.dta,3,1613.873045,1.000000e+000,1.414067e-003,0.001331,0.824725,1.000000e+000,1.000000e+000
,2,20210521_QExHFX2_RSLC3_ADH_acidic-lib_sep_rep1.4844.4844.3.0.dta,3,1613.872976,1.000000e+000,3.875529e-003,0.001262,0.781970,1.000000e+000,1.000000e+000
,3,20210521_QExHFX2_RSLC3_ADH_acidic-lib_sep_rep1.5093.5093.3.0.dta,3,1613.872548,1.000000e+000,6.457722e-003,0.000834,0.516770,1.000000e+000,1.000000e+000
,4,20210521_QExHFX2_RSLC3_ADH_acidic-lib_sep_rep1.5263.5263.3.0.dta,3,1613.872733,1.000000e+000,6.471724e-003,0.001019,0.631401,1.000000e+000,1.000000e+000
,5,20210521_QExHFX2_RSLC3_ADH_acidic-lib_sep_rep1.5034.5034.3.0.dta,3,1613.872538,1.000000e+000,7.407994e-003,0.000824,0.510573,1.000000e+000,1.000000e+000
,6,20210521_QExHFX2_RSLC3_ADH_acidic-lib_sep_rep1.4917.4917.3.0.dta,3,1613.872709,1.000000e+000,8.709183e-003,0.000995,0.616530,1.000000e+000,1.000000e+000
,7,20210521_QExHFX2_RSLC3_ADH_acidic-lib_sep_rep1.5399.5399.3.1.dta,3,1613.872470,1.000000e+000,1.194743e-002,0.000756,0.468439,1.000000e+000,1.000000e+000
,8,20210521_QExHFX2_RSLC3_ADH_acidic-lib_sep_rep1.5575.5575.3.2.dta,3,1613.871951,1.000000e+000,9.106169e-002,0.000237,0.146852,1.000000e+000,1.000000e+000
,9,20210521_QExHFX2_RSLC3_ADH_acidic-lib_sep_rep1.5439.5439.3.1.dta,3,1613.872744,1.000000e+000,1.915577e-001,0.001030,0.638217,1.000000e+000,1.000000e+000
,10,20210521_QExHFX2_RSLC3_ADH_acidic-lib_sep_rep1.5264.5264.3.0.dta,3,1613.872733,1.000000e+000,1.934635e-001,0.001019,0.631401,1.000000e+000,1.000000e+000
,11,20210521_QExHFX2_RSLC3_ADH_acidic-lib_sep_rep1.4922.4922.4.0.dta,4,1613.871708,1.000000e+000,2.535495e-001,-0.000006,-0.003718,1.000000e+000,1.000000e+000
,12,20210521_QExHFX2_RSLC3_ADH_acidic-lib_sep_rep1.5022.5022.3.0.dta,3,1613.872434,1.000000e+000,3.322600e-001,0.000720,0.446132,1.000000e+000,1.000000e+000
116,YNANDNPTK(5)-VLGETIK(4),1933.013674,null,sg|P0A9Q7|ADHE_ECOLI (755)-sg|P00864|CAPP_ECOLI (21)/,Inter-Protein
,1,20210521_QExHFX2_RSLC3_ADH_acidic-lib_sep_rep1.7814.7814.3.0.dta,3,1933.014839,1.000000e+000,2.199616e-001,0.001165,0.602686,1.000000e+000,1.000000e+000
