Protein_Order,Protein,Unique_Peptide_Number,Spectrum_Number
,Spectrum_Order,Title,Charge,Precursor_Mass,Peptide,Peptide_Mass,Modifications,Evalue,Score,Precursor_Mass_Error(Da),Precursor_Mass_Error(ppm),Alpha_Evalue,Beta_Evalue
1,Cas9,33,71
,1,XLpeplib_Beveridge_QEx-HFX_DSS_R2.14632.14632.2.0.dta,2,1349.626007,LESEFVYGDYK,1349.625917,null,1.000000e+000,2.091761e-013,0.000090,0.066685,1.000000e+000,1.000000e+000
,2,XLpeplib_Beveridge_QEx-HFX_DSS_R2.11591.11591.3.0.dta,3,1702.937438,VNTEITKAPLSASMIK,1702.940700,null,1.000000e+000,1.233371e-010,-0.003262,-1.915510,1.000000e+000,1.000000e+000
,3,XLpeplib_Beveridge_QEx-HFX_DSS_R2.12657.12657.2.0.dta,2,1134.570976,MDGTEELLVK,1134.571049,null,1.000000e+000,1.381198e-010,-0.000073,-0.064341,1.000000e+000,1.000000e+000
,4,XLpeplib_Beveridge_QEx-HFX_DSS_R2.12488.12488.2.0.dta,2,1134.573312,MDGTEELLVK,1134.571049,null,1.000000e+000,4.566974e-010,0.002263,1.994586,1.000000e+000,1.000000e+000
,5,XLpeplib_Beveridge_QEx-HFX_DSS_R2.12840.12840.2.0.dta,2,1134.571027,MDGTEELLVK,1134.571049,null,1.000000e+000,3.374900e-009,-0.000022,-0.019391,1.000000e+000,1.000000e+000
,6,XLpeplib_Beveridge_QEx-HFX_DSS_R2.12466.12466.2.0.dta,2,1134.573830,MDGTEELLVK,1134.571049,null,1.000000e+000,5.885348e-009,0.002781,2.451147,1.000000e+000,1.000000e+000
,7,XLpeplib_Beveridge_QEx-HFX_DSS_R2.11215.11215.2.1.dta,2,1150.566405,MDGTEELLVK,1150.565963,Oxidation[M](1),1.000000e+000,2.216664e-005,0.000442,0.384159,1.000000e+000,1.000000e+000
,8,XLpeplib_Beveridge_QEx-HFX_DSS_R2.13200.13200.2.0.dta,2,1334.731237,GGLSELDKAGFIK,1334.731379,null,1.000000e+000,3.414568e-010,-0.000142,-0.106388,1.000000e+000,1.000000e+000
,9,XLpeplib_Beveridge_QEx-HFX_DSS_R2.13310.13310.3.0.dta,3,1334.731038,GGLSELDKAGFIK,1334.731379,null,1.000000e+000,6.424300e-004,-0.000341,-0.255482,1.000000e+000,1.000000e+000
,10,XLpeplib_Beveridge_QEx-HFX_DSS_R2.13165.13165.3.0.dta,3,1334.731790,GGLSELDKAGFIK,1334.731379,null,1.000000e+000,7.774510e-003,0.000411,0.307927,1.000000e+000,1.000000e+000
,11,XLpeplib_Beveridge_QEx-HFX_DSS_R2.13339.13339.3.0.dta,3,1334.731585,GGLSELDKAGFIK,1334.731379,null,1.000000e+000,8.027179e-002,0.000206,0.154338,1.000000e+000,1.000000e+000
,12,XLpeplib_Beveridge_QEx-HFX_DSS_R2.15651.15651.3.2.dta,3,1517.799569,MDGTEELLVKLNR,1517.799131,null,1.000000e+000,3.853766e-010,0.000438,0.288576,1.000000e+000,1.000000e+000
,13,XLpeplib_Beveridge_QEx-HFX_DSS_R2.15621.15621.3.0.dta,3,1517.799572,MDGTEELLVKLNR,1517.799131,null,1.000000e+000,9.580845e-009,0.000441,0.290552,1.000000e+000,1.000000e+000
,14,XLpeplib_Beveridge_QEx-HFX_DSS_R2.15619.15619.3.0.dta,3,1517.799572,MDGTEELLVKLNR,1517.799131,null,1.000000e+000,1.581511e-008,0.000441,0.290552,1.000000e+000,1.000000e+000
,15,XLpeplib_Beveridge_QEx-HFX_DSS_R2.7086.7086.2.2.dta,2,1038.569352,HVAQILDSR,1038.569018,null,1.000000e+000,7.442084e-010,0.000334,0.321596,1.000000e+000,1.000000e+000
,16,XLpeplib_Beveridge_QEx-HFX_DSS_R2.7090.7090.2.2.dta,2,1038.569264,HVAQILDSR,1038.569018,null,1.000000e+000,1.290418e-009,0.000246,0.236864,1.000000e+000,1.000000e+000
,17,XLpeplib_Beveridge_QEx-HFX_DSS_R2.7813.7813.2.2.dta,2,1038.569204,HVAQILDSR,1038.569018,null,1.000000e+000,4.923727e-009,0.000186,0.179093,1.000000e+000,1.000000e+000
,18,XLpeplib_Beveridge_QEx-HFX_DSS_R2.16288.16288.2.3.dta,2,1038.567807,HVAQILDSR,1038.569018,null,1.000000e+000,2.786626e-004,-0.001211,-1.166027,1.000000e+000,1.000000e+000
,19,XLpeplib_Beveridge_QEx-HFX_DSS_R2.7698.7698.2.2.dta,2,1038.568708,HVAQILDSR,1038.569018,null,1.000000e+000,2.961152e-001,-0.000310,-0.298488,1.000000e+000,1.000000e+000
,20,XLpeplib_Beveridge_QEx-HFX_DSS_R2.9665.9665.2.0.dta,2,1109.511804,SNFDLAEDAK,1109.510895,null,1.000000e+000,8.710689e-010,0.000909,0.819280,1.000000e+000,1.000000e+000
,21,XLpeplib_Beveridge_QEx-HFX_DSS_R2.9664.9664.2.0.dta,2,1109.511804,SNFDLAEDAK,1109.510895,null,1.000000e+000,1.235858e-009,0.000909,0.819280,1.000000e+000,1.000000e+000
,22,XLpeplib_Beveridge_QEx-HFX_DSS_R2.9687.9687.2.0.dta,2,1109.511297,SNFDLAEDAK,1109.510895,null,1.000000e+000,4.128301e-009,0.000402,0.362322,1.000000e+000,1.000000e+000
,23,XLpeplib_Beveridge_QEx-HFX_DSS_R2.18472.18472.3.0.dta,3,1624.821870,SSFEKNPIDFLEAK,1624.821640,null,1.000000e+000,3.497211e-009,0.000230,0.141554,1.000000e+000,1.000000e+000
,24,XLpeplib_Beveridge_QEx-HFX_DSS_R2.18412.18412.3.0.dta,3,1624.822332,SSFEKNPIDFLEAK,1624.821640,null,1.000000e+000,1.762055e-008,0.000692,0.425893,1.000000e+000,1.000000e+000
,25,XLpeplib_Beveridge_QEx-HFX_DSS_R2.18387.18387.3.0.dta,3,1624.820948,SSFEKNPIDFLEAK,1624.821640,null,1.000000e+000,1.611410e-005,-0.000692,-0.425893,1.000000e+000,1.000000e+000
,26,XLpeplib_Beveridge_QEx-HFX_DSS_R2.18465.18465.2.0.dta,2,1624.821444,SSFEKNPIDFLEAK,1624.821640,null,1.000000e+000,9.929369e-004,-0.000196,-0.120629,1.000000e+000,1.000000e+000
,27,XLpeplib_Beveridge_QEx-HFX_DSS_R2.9563.9563.3.0.dta,3,1467.729833,TYAHLFDDKVMK,1467.729996,null,1.000000e+000,5.514416e-009,-0.000163,-0.111056,1.000000e+000,1.000000e+000
,28,XLpeplib_Beveridge_QEx-HFX_DSS_R2.18531.18531.2.0.dta,2,1046.551756,NPIDFLEAK,1046.551640,null,1.000000e+000,2.533700e-008,0.000116,0.110840,1.000000e+000,1.000000e+000
,29,XLpeplib_Beveridge_QEx-HFX_DSS_R2.18796.18796.2.2.dta,2,1046.551492,NPIDFLEAK,1046.551640,null,1.000000e+000,2.261200e-007,-0.000148,-0.141417,1.000000e+000,1.000000e+000
,30,XLpeplib_Beveridge_QEx-HFX_DSS_R2.15368.15368.3.0.dta,3,1571.749526,QEDFYPFLKDNR,1571.748815,null,1.000000e+000,4.753022e-008,0.000711,0.452362,1.000000e+000,1.000000e+000
,31,XLpeplib_Beveridge_QEx-HFX_DSS_R2.7147.7147.3.0.dta,3,1450.699674,MTNFDKNLPNEK,1450.699424,null,1.000000e+000,1.366968e-007,0.000250,0.172331,1.000000e+000,1.000000e+000
,32,XLpeplib_Beveridge_QEx-HFX_DSS_R2.21815.21815.3.0.dta,3,2006.053762,KNLIGALLFDSGETAEATR,2006.055200,null,1.000000e+000,2.211554e-007,-0.001438,-0.716830,1.000000e+000,1.000000e+000
,33,XLpeplib_Beveridge_QEx-HFX_DSS_R2.7482.7482.3.0.dta,3,1436.768047,HKPENIVIEMAR,1436.767775,null,1.000000e+000,3.472571e-007,0.000272,0.189314,1.000000e+000,1.000000e+000
,34,XLpeplib_Beveridge_QEx-HFX_DSS_R2.7591.7591.3.0.dta,3,1436.768276,HKPENIVIEMAR,1436.767775,null,1.000000e+000,9.319367e-007,0.000501,0.348699,1.000000e+000,1.000000e+000
,35,XLpeplib_Beveridge_QEx-HFX_DSS_R2.7521.7521.3.0.dta,3,1452.763080,HKPENIVIEMAR,1452.762690,Oxidation[M](10),1.000000e+000,2.074061e-006,0.000390,0.268454,1.000000e+000,1.000000e+000
,36,XLpeplib_Beveridge_QEx-HFX_DSS_R2.24084.24084.3.1.dta,3,1712.987523,RIEEGIKELGSQILK,1712.990425,null,1.000000e+000,4.108653e-007,-0.002902,-1.694113,1.000000e+000,1.000000e+000
,37,XLpeplib_Beveridge_QEx-HFX_DSS_R2.7118.7118.3.0.dta,3,1508.854311,QITKHVAQILDSR,1508.854277,null,1.000000e+000,1.167902e-006,0.000034,0.022534,1.000000e+000,1.000000e+000
,38,XLpeplib_Beveridge_QEx-HFX_DSS_R2.17909.17909.3.1.dta,3,1981.951398,LESEFVYGDYKVYDVR,1981.954098,null,1.000000e+000,2.114902e-006,-0.002700,-1.362292,1.000000e+000,1.000000e+000
,39,XLpeplib_Beveridge_QEx-HFX_DSS_R2.8248.8248.2.1.dta,2,928.509963,GNELALPSK,928.509778,null,1.000000e+000,2.690987e-006,0.000185,0.199244,1.000000e+000,1.000000e+000
,40,XLpeplib_Beveridge_QEx-HFX_DSS_R2.8140.8140.2.2.dta,2,928.509779,GNELALPSK,928.509778,null,1.000000e+000,2.868512e-004,0.000001,0.001077,1.000000e+000,1.000000e+000
,41,XLpeplib_Beveridge_QEx-HFX_DSS_R2.20694.20694.3.0.dta,3,2050.995714,KSEETITPWNFEEVVDK,2050.996686,null,1.000000e+000,2.713143e-006,-0.000972,-0.473916,1.000000e+000,1.000000e+000
,42,XLpeplib_Beveridge_QEx-HFX_DSS_R2.4914.4914.3.0.dta,3,1387.706249,GKSDNVPSEEVVK,1387.706284,null,1.000000e+000,2.791580e-006,-0.000035,-0.025221,1.000000e+000,1.000000e+000
,43,XLpeplib_Beveridge_QEx-HFX_DSS_R2.10154.10154.3.0.dta,3,1465.741974,LEESFLVEEDKK,1465.741999,null,1.000000e+000,3.968176e-006,-0.000025,-0.017056,1.000000e+000,1.000000e+000
,44,XLpeplib_Beveridge_QEx-HFX_DSS_R2.10149.10149.3.1.dta,3,1465.741984,LEESFLVEEDKK,1465.741999,null,1.000000e+000,4.462933e-006,-0.000015,-0.010234,1.000000e+000,1.000000e+000
,45,XLpeplib_Beveridge_QEx-HFX_DSS_R2.20016.20016.3.3.dta,3,2113.139826,RMLASAGELQKGNELALPSK,2113.143295,null,1.000000e+000,4.165281e-005,-0.003469,-1.641630,1.000000e+000,1.000000e+000
,46,XLpeplib_Beveridge_QEx-HFX_DSS_R2.19973.19973.3.2.dta,3,2113.139323,RMLASAGELQKGNELALPSK,2113.143295,null,1.000000e+000,5.492099e-005,-0.003972,-1.879664,1.000000e+000,1.000000e+000
,47,XLpeplib_Beveridge_QEx-HFX_DSS_R2.20047.20047.3.1.dta,3,2113.139658,RMLASAGELQKGNELALPSK,2113.143295,null,1.000000e+000,1.373954e-004,-0.003637,-1.721133,1.000000e+000,1.000000e+000
,48,XLpeplib_Beveridge_QEx-HFX_DSS_R2.19215.19215.3.3.dta,3,2129.132294,RMLASAGELQKGNELALPSK,2129.138209,Oxidation[M](2),1.000000e+000,5.722798e-004,-0.005915,-2.778119,1.000000e+000,1.000000e+000
,49,XLpeplib_Beveridge_QEx-HFX_DSS_R2.18666.18666.3.2.dta,3,2129.133256,RMLASAGELQKGNELALPSK,2129.138209,Oxidation[M](2),1.000000e+000,1.104166e-003,-0.004953,-2.326293,1.000000e+000,1.000000e+000
,50,XLpeplib_Beveridge_QEx-HFX_DSS_R2.20922.20922.3.2.dta,3,2113.138876,RMLASAGELQKGNELALPSK,2113.143295,null,1.000000e+000,1.842183e-003,-0.004419,-2.091198,1.000000e+000,1.000000e+000
,51,XLpeplib_Beveridge_QEx-HFX_DSS_R2.20134.20134.3.2.dta,3,2113.140028,RMLASAGELQKGNELALPSK,2113.143295,null,1.000000e+000,4.900039e-003,-0.003267,-1.546038,1.000000e+000,1.000000e+000
,52,XLpeplib_Beveridge_QEx-HFX_DSS_R2.4860.4860.3.0.dta,3,1330.684979,SDNVPSEEVVKK,1330.684823,null,1.000000e+000,4.717072e-005,0.000156,0.117233,1.000000e+000,1.000000e+000
,53,XLpeplib_Beveridge_QEx-HFX_DSS_R2.5111.5111.3.0.dta,3,1232.647658,LVDSTDKADLR,1232.648047,null,1.000000e+000,5.034555e-005,-0.000389,-0.315581,1.000000e+000,1.000000e+000
,54,XLpeplib_Beveridge_QEx-HFX_DSS_R2.9790.9790.2.1.dta,2,1072.618702,RNSDKLIAR,1072.622112,null,1.000000e+000,5.325051e-005,-0.003410,-3.179125,1.000000e+000,1.000000e+000
,55,XLpeplib_Beveridge_QEx-HFX_DSS_R2.10072.10072.2.2.dta,2,1072.618244,RNSDKLIAR,1072.622112,null,1.000000e+000,2.545777e-004,-0.003868,-3.606116,1.000000e+000,1.000000e+000
,56,XLpeplib_Beveridge_QEx-HFX_DSS_R2.22343.22343.4.3.dta,4,2107.137527,RYDEHHQDLTLLKALVR,2107.140596,null,1.000000e+000,3.410194e-004,-0.003069,-1.456476,1.000000e+000,1.000000e+000
,57,XLpeplib_Beveridge_QEx-HFX_DSS_R2.22194.22194.4.3.dta,4,2107.137489,RYDEHHQDLTLLKALVR,2107.140596,null,1.000000e+000,6.072644e-003,-0.003107,-1.474510,1.000000e+000,1.000000e+000
,58,XLpeplib_Beveridge_QEx-HFX_DSS_R2.22206.22206.3.2.dta,3,2107.136805,RYDEHHQDLTLLKALVR,2107.140596,null,1.000000e+000,2.764245e-001,-0.003791,-1.799121,1.000000e+000,1.000000e+000
,59,XLpeplib_Beveridge_QEx-HFX_DSS_R2.22354.22354.3.1.dta,3,2107.137462,RYDEHHQDLTLLKALVR,2107.140596,null,1.000000e+000,3.224994e-001,-0.003134,-1.487324,1.000000e+000,1.000000e+000
,60,XLpeplib_Beveridge_QEx-HFX_DSS_R2.13794.13794.3.1.dta,3,1882.885865,KIECFDSVEISGVEDR,1882.885032,Carbamidomethyl[C](4),1.000000e+000,7.588934e-004,0.000833,0.442406,1.000000e+000,1.000000e+000
,61,XLpeplib_Beveridge_QEx-HFX_DSS_R2.8044.8044.3.0.dta,3,1511.748938,YDEHHQDLTLLK,1511.748815,null,1.000000e+000,2.431918e-003,0.000123,0.081363,1.000000e+000,1.000000e+000
,62,XLpeplib_Beveridge_QEx-HFX_DSS_R2.20338.20338.3.1.dta,3,1877.008753,TEVQTGGFSKESILPKR,1877.012612,null,1.000000e+000,8.890956e-003,-0.003859,-2.055927,1.000000e+000,1.000000e+000
,63,XLpeplib_Beveridge_QEx-HFX_DSS_R2.20162.20162.3.2.dta,3,1877.011366,TEVQTGGFSKESILPKR,1877.012612,null,1.000000e+000,1.514610e-002,-0.001246,-0.663821,1.000000e+000,1.000000e+000
,64,XLpeplib_Beveridge_QEx-HFX_DSS_R2.20287.20287.3.1.dta,3,1877.008841,TEVQTGGFSKESILPKR,1877.012612,null,1.000000e+000,9.358391e-002,-0.003771,-2.009044,1.000000e+000,1.000000e+000
,65,XLpeplib_Beveridge_QEx-HFX_DSS_R2.19304.19304.3.1.dta,3,1859.038035,VNTEITKAPLSASMIKR,1859.041802,null,1.000000e+000,1.984322e-002,-0.003767,-2.026313,1.000000e+000,1.000000e+000
,66,XLpeplib_Beveridge_QEx-HFX_DSS_R2.19299.19299.3.1.dta,3,1859.038477,VNTEITKAPLSASMIKR,1859.041802,null,1.000000e+000,2.748033e-002,-0.003325,-1.788556,1.000000e+000,1.000000e+000
,67,XLpeplib_Beveridge_QEx-HFX_DSS_R2.19344.19344.3.1.dta,3,1875.033565,VNTEITKAPLSASMIKR,1875.036716,Oxidation[M](14),1.000000e+000,2.957156e-001,-0.003151,-1.680500,1.000000e+000,1.000000e+000
,68,XLpeplib_Beveridge_QEx-HFX_DSS_R2.19408.19408.2.1.dta,2,1859.037448,VNTEITKAPLSASMIKR,1859.041802,null,1.000000e+000,3.573878e-001,-0.004354,-2.342067,1.000000e+000,1.000000e+000
,69,XLpeplib_Beveridge_QEx-HFX_DSS_R2.15537.15537.3.1.dta,3,1556.889513,IEEGIKELGSQILK,1556.889323,null,1.000000e+000,2.028838e-002,0.000190,0.122038,1.000000e+000,1.000000e+000
,70,XLpeplib_Beveridge_QEx-HFX_DSS_R2.7282.7282.2.3.dta,2,818.425288,GGLSELDK,818.425385,null,1.000000e+000,2.516220e-001,-0.000097,-0.118520,1.000000e+000,1.000000e+000
,71,XLpeplib_Beveridge_QEx-HFX_DSS_R2.13173.13173.3.1.dta,3,1452.842556,LENLIAQLPGEKK,1452.841984,null,1.000000e+000,2.862574e-001,0.000572,0.393711,1.000000e+000,1.000000e+000
